date,spot,atm_iv,call_iv,put_iv,skew,iv_rank_252,n_options
2021-05-14,172.69000244140625,0.1215161891280481,0.11915642684256704,0.12392268391626973,1.04,11.982473106037544,8
2021-05-17,174.6999969482422,0.12542042951803845,0.12298484952224356,0.1279042435031333,1.04,18.362502580098088,8
2021-05-18,175.0399932861328,0.12538077638950254,0.12294596643067056,0.1278638050878974,1.04,18.297704282983393,8
2021-05-19,175.16000366210938,0.12194082824022448,0.11957281975010975,0.12435573254011416,1.04,12.676387870730332,8
2021-05-20,175.9600067138672,0.11722099225662237,0.11494463979215888,0.11954242538384525,1.04,4.963570605349956,8
2021-05-21,176.0399932861328,0.11470049468960555,0.11247308858481621,0.11697201212820887,1.04,0.8447543541546896,8
2021-05-24,176.35000610351562,0.1147710383250027,0.11254226231047963,0.11704395280289884,1.04,0.9600317008557393,8
2021-05-25,177.9499969482422,0.11507443489343334,0.11283976712255366,0.11735335780745583,1.04,1.4558206010164543,8
2021-05-26,177.63999938964844,0.11672118210534863,0.11445453561630568,0.11903271704095793,1.04,4.146816722895231,8
2021-05-27,177.7100067138672,0.11361152547806036,0.11140526641955262,0.11586147707633473,1.04,0.0,8
2021-05-28,178.3800048828125,0.11033123945081959,0.10818868133050137,0.11251622858372144,1.04,0.0,8
2021-06-01,177.89999389648438,0.1063444162390289,0.10427927953162341,0.10845045071288836,1.04,0.0,8
2021-06-02,178.77000427246094,0.09807690402891392,0.09617231682234594,0.10001920949523979,1.04,0.0,8
2021-06-03,175.27000427246094,0.14729084505833306,0.14443055637038685,0.15020777862520235,1.04,63.66504445465524,8
2021-06-04,177.16000366210938,0.12455231982437433,0.12213359793225656,0.12701894184954685,1.04,34.24961481068696,8
2021-06-07,177.8699951171875,0.12171435469348811,0.11935074416662489,0.1241247739332899,1.04,30.578314109314032,8
2021-06-08,177.32000732421875,0.12301454980042331,0.12062569036311344,0.125450717977638,1.04,32.26029644097229,8
2021-06-09,176.97999572753906,0.12362159878963985,0.12122095087113688,0.12606978890598236,1.04,33.04559833056333,8
2021-06-10,177.74000549316406,0.1151299425480903,0.1128941968560632,0.11740996473030574,1.04,22.060465646539303,8
2021-06-11,175.74000549316406,0.12567318781234227,0.12323269942125849,0.12816200739810885,1.04,35.69961269317967,8
2021-06-14,174.7100067138672,0.12448418740107253,0.12206678859457883,0.126949460138362,1.04,34.161476090893736,8
2021-06-15,174.0500030517578,0.11721828248649904,0.11494198264394037,0.119539661949698,1.04,24.762022405339568,8
2021-06-16,171.11000061035156,0.14817143206159328,0.1452940429690484,0.15110580468781035,1.04,64.8042056259835,8
2021-06-17,165.85000610351562,0.19547016035028567,0.18985740326093992,0.2012488474565963,1.06,100.0,8
2021-06-18,164.92999267578125,0.19300157939961085,0.18745970548346502,0.1987072878124729,1.06,97.46534714628582,8
2021-06-21,166.9499969482422,0.2034542883838142,0.1976122739431565,0.20946901037974588,1.06,100.0,8
2021-06-22,166.25,0.20256888530402617,0.1967522944492708,0.20855743211622704,1.06,99.15977884134408,8
2021-06-23,166.13999938964844,0.19571115849800072,0.19009148135466986,0.20149697023595003,1.06,92.65200030042934,8
2021-06-24,166.0399932861328,0.19595964868606283,0.19033283636126908,0.2017528065429452,1.06,92.88781008977202,8
2021-06-25,166.58999633789062,0.19741755357038507,0.19174887876407287,0.20325381148991722,1.06,94.27131841392263,8
2021-06-28,166.5800018310547,0.19549304069873302,0.18987962661991264,0.2012724042171074,1.06,92.44501300367399,8
2021-06-29,164.8300018310547,0.19779210336978256,0.19211267368897642,0.20363943411031496,1.06,94.62675502082877,8
2021-06-30,165.6300048828125,0.19776130060608776,0.1920827554000781,0.20360772072408279,1.06,94.59752411527596,8
2021-07-01,166.1999969482422,0.18638078992110035,0.18102902626534406,0.1918907678412647,1.06,83.7977583451758,8
2021-07-02,167.2899932861328,0.18142479511287,0.1762153385741939,0.18678825888864553,1.06,79.09466684355047,8
2021-07-06,168.1199951171875,0.18215474471515172,0.17692432830312346,0.18753978800131085,1.06,79.78736728088846,8
2021-07-07,168.75999450683594,0.1843096058394503,0.17901731444849794,0.1897583533154078,1.06,81.83226632397084,8
2021-07-08,168.64999389648438,0.18446142737652726,0.17916477656106214,0.18991466315472585,1.06,81.9763404419672,8
2021-07-09,169.2100067138672,0.18383412625431722,0.1785554878496187,0.1892688171205958,1.06,81.38105035572121,8
2021-07-12,169.0,0.17952180734148473,0.17436699345560866,0.18482901306294516,1.06,77.28878811251633,8
2021-07-13,169.22000122070312,0.17912975980675133,0.17398620322775007,0.18442537542141507,1.06,76.91674667579493,8
2021-07-14,171.0399932861328,0.18623220245483416,0.1808847053600362,0.19173778768163838,1.06,83.65675326408005,8
2021-07-15,171.07000732421875,0.17155347189093334,0.1666274618859679,0.17662510959912595,1.06,69.72707503780681,8
2021-07-16,169.41000366210938,0.09939602956912819,0.09746582583589039,0.10136445886932602,1.04,1.2518108589330574,8
2021-07-19,169.61000061035156,0.09573769806378625,0.09387853665648081,0.09763367812274006,1.04,0.0,8
2021-07-20,169.38999938964844,0.08568562530588957,0.08402166835944819,0.08738253509382612,1.04,0.0,8
2021-07-21,168.75999450683594,0.08528108642477894,0.08362498535006549,0.08696998476406811,1.04,0.0,8
2021-07-22,169.08999633789062,0.08520096444879217,0.08354641928871469,0.0868882760602633,1.04,0.0,8
2021-07-23,168.55999755859375,0.08643011561252484,0.08475170116737395,0.08814176921406892,1.04,1.0394220837361487,8
2021-07-26,168.16000366210938,0.08657798377653615,0.08489669783155333,0.08829256574481548,1.04,1.1644656419980415,8
2021-07-27,168.44000244140625,0.08666717710695145,0.0849841590877591,0.08838352545126947,1.04,1.239891285394166,8
2021-07-28,169.2899932861328,0.07564191633506158,0.07417300143039073,0.07713992148760637,1.04,0.0,8
2021-07-29,171.1699981689453,0.08342668208828313,0.08180659229278026,0.08507885598449148,1.04,6.090776368857422,8
2021-07-30,169.82000732421875,0.09069463450723725,0.08893340598664774,0.09249074222611366,1.04,11.777199601955573,8
2021-08-02,169.61000061035156,0.0883206680874771,0.08660554039069178,0.09006976200631946,1.04,9.919815702645241,8
2021-08-03,169.49000549316406,0.0867475332838959,0.08506295480204322,0.08846547299412495,1.04,8.688999954244023,8
2021-08-04,169.52999877929688,0.0856596586258067,0.08399620593474709,0.08735605417213697,1.04,7.837850225425721,8
2021-08-05,168.86000061035156,0.08711153403121014,0.08541988690079662,0.08883668237682849,1.04,8.973793000081086,8
2021-08-06,164.63999938964844,0.12941740813878916,0.12690420951890147,0.13198037789965752,1.04,42.073776538014265,8
2021-08-09,161.72000122070312,0.16008894514775648,0.1569801260036337,0.16325933104377907,1.04,66.07109113074243,8
2021-08-10,161.77000427246094,0.1597298539374085,0.15662800810195598,0.16289312842603426,1.04,65.79013929126711,8
2021-08-11,164.0,0.16479262853655333,0.16159246703925625,0.16805616572082654,1.04,69.75123829756183,8
2021-08-12,164.0399932861328,0.1648109269326166,0.16161041009283203,0.16807482649654534,1.04,69.76555490539091,8
2021-08-13,166.38999938964844,0.17488125089786377,0.1698596865884487,0.1800512677837556,1.06,77.64454486843294,8
2021-08-16,167.22000122070312,0.1764834099916885,0.17141584106552776,0.18170079152945942,1.06,78.8980691307114,8
2021-08-17,166.97000122070312,0.1764980498714843,0.17143006057380006,0.18171586420822802,1.06,78.90952332685936,8
2021-08-18,167.10000610351562,0.17607490108714166,0.17101906214189438,0.18128020587040802,1.06,78.57845304190977,8
2021-08-19,166.61000061035156,0.17600862337013098,0.1709546875323726,0.18121196878431495,1.06,78.52659756348598,8
2021-08-20,166.6999969482422,0.17574776648250118,0.17070132092531926,0.1809434001808384,1.06,78.3225039507563,8
2021-08-23,168.72999572753906,0.1835326707652308,0.17826268839493906,0.1889584496986354,1.06,84.4133887046674,8
2021-08-24,168.64999389648438,0.18342607747296866,0.17815915583714273,0.18884870518737126,1.06,84.32999044630358,8
2021-08-25,167.47999572753906,0.18433115138555717,0.1790382413328283,0.189780535812798,1.06,85.0381174437771,8
2021-08-26,167.6699981689453,0.1771320880627344,0.17204589290515584,0.18236864647946519,1.06,79.40559282395644,8
2021-08-27,170.19000244140625,0.1866323976708498,0.1812734093155352,0.1921498138744673,1.06,86.83860533740202,8
2021-08-30,169.35000610351562,0.18780908141351313,0.18241630559924973,0.19336128393520471,1.06,87.75923901613109,8
2021-08-31,169.69000244140625,0.18799050912655121,0.18259252377196344,0.19354807519828124,1.06,87.901187491173,8
2021-09-01,169.6999969482422,0.18798883861686264,0.18259090122952,0.19354635530329117,1.06,87.89988048961924,8
2021-09-02,169.25,0.18753891267724662,0.18215389452526315,0.19308312819677892,1.06,87.54785984216235,8
2021-09-03,171.05999755859375,0.1539683090194276,0.1509783484932587,0.15701748243298908,1.04,61.2823245737817,8
2021-09-07,167.7100067138672,0.1587306729592828,0.155648230543288,0.16187415976501954,1.04,65.00838322015332,8
2021-09-08,167.2899932861328,0.15969273527729955,0.15659161026114563,0.16285527467159147,1.04,65.7610977677323,8
2021-09-09,168.02999877929688,0.15101745460460933,0.14808479767731067,0.15400818958440313,1.04,58.973585312067115,8
2021-09-10,167.17999267578125,0.1533487085835165,0.15037078027915463,0.15638561149032082,1.04,60.797551131289964,8
2021-09-13,167.74000549316406,0.1277434002914082,0.12526270977280474,0.13027321816371695,1.04,40.76403803574907,8
2021-09-14,168.82000732421875,0.12865813750507646,0.12615968340786318,0.13120607074417773,1.04,41.47972556975347,8
2021-09-15,167.8300018310547,0.1453100774086432,0.14248825389006725,0.14818778404566998,1.04,54.50815125080965,8
2021-09-16,164.02999877929688,0.17555038330026934,0.1705096054309504,0.1807401817568074,1.06,78.16807196653762,8
2021-09-17,163.77000427246094,0.17534926769570286,0.17031426468753552,0.18053312056878765,1.06,78.01071974676208,8
2021-09-20,164.94000244140625,0.17856191889593703,0.17343466737900806,0.18384074742174855,1.06,80.5242879942935,8
2021-09-21,166.0399932861328,0.17260064252416588,0.16764456391750235,0.17770323775255248,1.06,75.86020401226922,8
2021-09-22,165.4199981689453,0.1730419507102808,0.1680732003196183,0.17815759233879538,1.06,76.20548215634952,8
2021-09-23,163.50999450683594,0.1772043921214335,0.17211612081516134,0.182443088064071,1.06,79.46216329326242,8
2021-09-24,163.3000030517578,0.17689535462809503,0.17181595706694336,0.18212491449095994,1.06,79.2203733253706,8
2021-09-27,163.63999938964844,0.1622326593485044,0.1590822107230913,0.16544549915201498,1.04,67.74832641429558,8
2021-09-28,162.0500030517578,0.16519536904692883,0.1619873866010484,0.16846688206509033,1.04,70.0663412128116,8
2021-09-29,161.32000732421875,0.16435530292361433,0.1611636339942236,0.16761017935399256,1.04,69.40907610627399,8
2021-09-30,164.22000122070312,0.18571458258034437,0.18038194849386915,0.1912048654035013,1.06,86.12050968219008,8
2021-10-01,164.58999633789062,0.18637745899144956,0.18102579098046573,0.19188733843929365,1.06,86.63914211227464,8
2021-10-04,165.36000061035156,0.1806629432782539,0.17547536265802036,0.18600388441750157,1.06,82.16812289747132,8
2021-10-05,164.58999633789062,0.1623090307500522,0.15915709904362452,0.16552338300536953,1.04,67.80807915992078,8
2021-10-06,165.02999877929688,0.16285070266646204,0.15968825205742046,0.1660757821397173,1.04,68.23188157257235,8
2021-10-07,164.16000366210938,0.16229624816056537,0.15914456468338845,0.165510347270724,1.04,67.79807810189959,8
2021-10-08,164.22999572753906,0.16145623682492802,0.15832086580030114,0.1646537004323132,1.04,67.14085586106916,8
2021-10-11,163.9199981689453,0.16037018186997304,0.1572559012987339,0.1635461373506833,1.04,66.2911298622897,8
2021-10-12,164.66000366210938,0.15884493720452803,0.15576027585409785,0.1619906868882618,1.04,65.09778320813072,8
2021-10-13,167.58999633789062,0.1763662067801345,0.17130200324312253,0.18158012343770988,1.06,78.80636970468927,8
2021-10-14,168.0,0.12935364554571288,0.1268416851522989,0.13191535255839087,1.04,42.023888884687594,8
2021-10-15,165.3300018310547,0.16115631827720073,0.15802677146811847,0.1643478423268432,1.04,66.90620052769275,8
2021-10-18,164.9199981689453,0.1587672920767008,0.15568413854218893,0.1619115040838765,1.04,65.03703390304966,8
2021-10-19,165.4499969482422,0.15667727213925164,0.15363470537971755,0.15978009359490628,1.04,63.40180884310638,8
2021-10-20,166.89999389648438,0.16022169975543024,0.1571103026065275,0.16339471471078865,1.04,66.17495792043249,8
2021-10-21,166.75,0.15105815272754133,0.14812470547019468,0.15404969368900248,1.04,59.00542739611551,8
2021-10-22,167.77000427246094,0.15221219956012597,0.1492563414930695,0.1552265951527923,1.04,59.90835002722389,8
2021-10-25,168.92999267578125,0.15402106931161455,0.15103008421622102,0.1570712875848699,1.04,61.32360406131584,8
2021-10-26,167.67999267578125,0.15102316502000449,0.14809039720029732,0.15401401308830923,1.04,58.97805312320591,8
2021-10-27,168.1199951171875,0.1484445350733376,0.14556184250483786,0.1513843162050314,1.04,56.960541120781535,8
2021-10-28,168.0800018310547,0.11764358176388202,0.11535902289672743,0.11997338381259655,1.04,32.861971619460576,8
2021-10-29,166.64999389648438,0.12324329100563858,0.12084998956868177,0.12568398915142906,1.04,37.243166610208895,8
2021-11-01,167.52000427246094,0.12353432128874042,0.1211353682403323,0.1259807829699456,1.04,37.47086779315136,8
2021-11-02,167.16000366210938,0.12222889108938809,0.11985528861338406,0.12464950015791942,1.04,36.449503289522255,8
2021-11-03,165.77000427246094,0.1268010217305569,0.12433863156684853,0.12931217682952248,1.04,40.02672399819108,8
2021-11-04,167.64999389648438,0.1460882916836315,0.1432513557696676,0.1489814100004543,1.04,55.11702366473483,8
2021-11-05,169.83999633789062,0.1545979525955042,0.15159576481653236,0.15765959540919366,1.04,61.77495573771663,8
2021-11-08,170.4499969482422,0.15394160747565455,0.15095216547542373,0.1569902520944407,1.04,61.261433369475704,8
2021-11-09,171.2899932861328,0.15408185021863274,0.15108968479909404,0.15713327219105783,1.04,61.37115885279957,8
2021-11-10,173.14999389648438,0.12885533585376838,0.12635305229786864,0.1314071743897834,1.04,41.63401294078881,8
2021-11-11,174.1199951171875,0.14413555887347027,0.14133654371123586,0.14699000545968532,1.04,53.58921162364668,8
2021-11-12,174.4499969482422,0.10804133851603168,0.10594324872460177,0.11018097867358585,1.04,25.34920654520964,8
2021-11-15,174.17999267578125,0.10740766889005639,0.1053218845345981,0.10953475991598205,1.04,24.853425412430425,8
2021-11-16,172.9199981689453,0.11398477648242347,0.11177126914161331,0.11624211990727785,1.04,29.999333814676742,8
2021-11-17,174.5,0.11432033033942655,0.11210030676944409,0.11658431904022186,1.04,30.261870102537113,8
2021-11-18,173.94000244140625,0.11563654976624753,0.11339096610435372,0.11792660474852787,1.04,31.291676063981065,8
2021-11-19,172.61000061035156,0.1202527113127883,0.1179174849127591,0.12263418430926948,1.04,34.903346415251896,8
2021-11-22,168.74000549316406,0.1659444435265661,0.16272191456043392,0.16923079114285128,1.04,70.65241474202483,8
2021-11-23,167.27999877929688,0.16709908546052046,0.16385413412821195,0.17040829949334046,1.04,71.55580297858297,8
2021-11-24,167.1199951171875,0.1666729974487572,0.16343632045773332,0.16997377327604268,1.04,71.22243305129554,8
2021-11-26,166.85000610351562,0.16676692619550956,0.16352842517169058,0.1700695621785582,1.04,71.29592260887651,8
2021-11-29,166.6199951171875,0.16280269914996623,0.15964118073677946,0.16602682796625068,1.04,68.19432377145628,8
2021-11-30,165.5,0.1634477522301113,0.16027370732196464,0.16668465561484322,1.04,68.69901128316212,8
2021-12-01,166.16000366210938,0.164424677097169,0.16123166096820332,0.16768092740693147,1.04,69.46335424260978,8
2021-12-02,165.24000549316406,0.16222562091894419,0.15907530897507735,0.16543832133408046,1.04,67.74281956902905,8
2021-12-03,166.6300048828125,0.1587535632113527,0.15567067628212944,0.16189750333341463,1.04,65.02629248175529,8
2021-12-06,166.22000122070312,0.1472886065774772,0.1444283613593167,0.15020549581368936,1.04,56.05614628221341,8
2021-12-07,166.80999755859375,0.14726333357346097,0.1444035791399617,0.1501797223055602,1.04,56.03637276294363,8
2021-12-08,166.89999389648438,0.14502326313751415,0.14220700935828573,0.14789528973261717,1.04,54.2837486624439,8
2021-12-09,165.8800048828125,0.12210981216505061,0.11973852212129667,0.12452806300614855,1.04,36.356336311686924,8
2021-12-10,166.5800018310547,0.12087018374644014,0.11852296644896994,0.12326388510692875,1.04,35.38645491543396,8
2021-12-13,167.0,0.12122174596534371,0.11886770156712981,0.12362240962981501,1.04,35.661516095559364,8
2021-12-14,165.44000244140625,0.12427247252170977,0.12185918507511946,0.12673355247812426,1.04,38.04839500834755,8
2021-12-15,166.14999389648438,0.12541181626274148,0.12297640353054456,0.12789545967176635,1.04,38.93981398662699,8
2021-12-16,168.16000366210938,0.14427161940714636,0.14146996204128284,0.14712876052293417,1.04,53.69566495949761,8
2021-12-17,167.8000030517578,0.14415031531397987,0.14135101359164157,0.14700505413530726,1.04,53.60075701653242,8
2021-12-20,167.08999633789062,0.12798364752041697,0.12549829156295902,0.1305182232254774,1.04,40.95200671605579,8
2021-12-21,167.02000427246094,0.09572859348279304,0.0938696088802986,0.09762439323551057,1.04,15.715753354510642,8
2021-12-22,168.58999633789062,0.09687125966889037,0.0949900852611511,0.09878968867159715,1.04,16.60977180341438,8
2021-12-23,168.97000122070312,0.09696191736467434,0.09507898244573952,0.09888214174356912,1.04,16.68070210095192,8
2021-12-27,169.3699951171875,0.09678632239208114,0.09490679740886615,0.09870306930522081,1.04,16.543317143785,8
2021-12-28,168.63999938964844,0.09842901500063041,0.09651759003690988,0.10037829363838628,1.04,17.82855470116535,8
2021-12-29,168.58999633789062,0.09398694535174137,0.09216178237913614,0.0958482536743016,1.04,14.353093305929951,8
2021-12-30,169.8000030517578,0.0963388354236825,0.09446800033503094,0.09824672034843218,1.04,16.193204739777705,8
2021-12-31,170.9600067138672,0.09480937860181868,0.09296824453120762,0.09668697431245593,1.04,14.99656250761537,8
2022-01-03,168.3300018310547,0.1115241577086856,0.10935843392184366,0.11373277127871742,1.04,28.074153384726426,8
2022-01-04,169.57000732421875,0.1137929028239533,0.11158312153994333,0.11604644640154108,1.04,29.849212464611362,8
2022-01-05,169.05999755859375,0.11429824721945898,0.11207865248874492,0.11656179858829473,1.04,30.2445923385667,8
2022-01-06,166.99000549316406,0.12468440808772709,0.12226312113078584,0.1271536459760173,1.04,38.37069210636259,8
2022-01-07,167.75,0.12323496414555563,0.12084182441059525,0.12567549738701908,1.04,37.23665170093252,8
2022-01-10,168.25999450683594,0.12277784627663403,0.12039358346181772,0.12520932680029045,1.04,36.879004110488594,8
2022-01-11,170.2899932861328,0.14480593879094636,0.1419939053036842,0.14767366151583158,1.04,54.11371477363939,8
2022-01-12,170.74000549316406,0.12351138340162197,0.12111287579148276,0.12595739082314208,1.04,37.45292126203644,8
2022-01-13,170.16000366210938,0.12441745995799411,0.12200135695335786,0.12688141123149219,1.04,38.16183272486926,8
2022-01-14,169.6699981689453,0.11725821429250195,0.11498113900125227,0.11958038456130238,1.04,32.560461315565206,8
2022-01-18,169.38999938964844,0.11710530025535128,0.11483119445138043,0.11942444222943567,1.04,32.4408218513259,8
2022-01-19,172.0800018310547,0.1291311462114324,0.1266235066047494,0.13168844686893938,1.04,41.84980610168783,8
2022-01-20,171.64999389648438,0.14427534083661347,0.14147361120310423,0.14713255565122843,1.04,53.69857659426932,8
2022-01-21,171.08999633789062,0.12681553064914708,0.12435285873204323,0.129326973081325,1.04,40.03807573070148,8
2022-01-24,172.02999877929688,0.12801027771656637,0.125524404618693,0.13054538080344072,1.04,40.972842098204275,8
2022-01-25,172.5800018310547,0.12819618605511396,0.12570670274292256,0.13073497085263946,1.04,41.118296200626126,8
2022-01-26,169.7899932861328,0.15905632169868514,0.15596755540420904,0.1622062576203774,1.04,65.26316977499334,8
2022-01-27,167.60000610351562,0.16889956639952744,0.164049761002133,0.17389274666226098,1.06,72.96449363203568,8
2022-01-28,167.10000610351562,0.16585689848745871,0.1626360695868326,0.16914151237030595,1.04,70.58391977733237,8
2022-01-31,168.08999633789062,0.16510984523692665,0.16190352360564877,0.16837966454987474,1.04,69.99942765144716,8
2022-02-01,168.22999572753906,0.15151699729912305,0.1485746395902334,0.15451762517384274,1.04,59.36442595331831,8
2022-02-02,168.83999633789062,0.1488668308968753,0.14597593762882394,0.1518149751339769,1.04,57.290944051866035,8
2022-02-03,168.60000610351562,0.1484498933854731,0.14556709676217225,0.15138978063265918,1.04,56.96473344743161,8
2022-02-04,168.86000061035156,0.12429335261770735,0.12187965969376127,0.12675484608151175,1.04,38.06473153012779,8
2022-02-07,170.11000061035156,0.12615988249789,0.12370994282486807,0.12865834053786282,1.04,39.52509866850676,8
2022-02-08,170.6300048828125,0.12616465980282093,0.12371462735776521,0.12866321245207585,1.04,39.5288364169378,8
2022-02-09,171.2100067138672,0.1183200547101365,0.11602235919545228,0.12066325356327039,1.04,33.391241936106006,8
2022-02-10,170.55999755859375,0.11890044036217359,0.11659147415028813,0.12125513311629967,1.04,33.84533385438737,8
2022-02-11,173.80999755859375,0.1536489017650801,0.15066514391197003,0.15669174966844887,1.04,61.03242133732062,8
2022-02-14,174.74000549316406,0.15360764321294948,0.1506246865730438,0.15664967403596555,1.04,61.00014077522068,8
2022-02-15,173.0800018310547,0.16021156570335987,0.15710036535090086,0.1633843799649369,1.04,66.16702906979938,8
2022-02-16,174.86000061035156,0.15206646717002031,0.14911343912750963,0.15507797669261003,1.04,59.794329461163144,8
2022-02-17,177.25,0.16057874382806767,0.15746041312452574,0.1637588296495068,1.04,66.454308085768,8
2022-02-18,177.1199951171875,0.15946900519841045,0.15637222486921618,0.16262711386398485,1.04,65.58605205400143,8
2022-02-22,177.49000549316406,0.15859884074619157,0.15551895842269717,0.16173971675960508,1.04,64.90523810909869,8
2022-02-23,178.2899932861328,0.1589520053563127,0.15586526481471988,0.1620998754073087,1.04,65.18155299509927,8
2022-02-24,177.13999938964844,0.12819487037431218,0.12570541261175294,0.13073362911622308,1.04,41.11726681608323,8
2022-02-25,176.5500030517578,0.1153017817566544,0.11306269906330717,0.11758520702583948,1.04,31.029754620675533,8
2022-02-28,178.3800048828125,0.11659437802645692,0.11433019398694569,0.11890340174642354,1.04,32.04107789797882,8
2022-03-01,181.6199951171875,0.12935134720652067,0.12683943144530085,0.1319130087031129,1.04,42.02209067129449,8
2022-03-02,179.72999572753906,0.15582455093348554,0.15279854344359145,0.15891048518133513,1.04,62.73464243965301,8
2022-03-03,180.8000030517578,0.15622533859725768,0.1531915480817417,0.1593192100050114,1.04,63.04821745383025,8
2022-03-04,183.67999267578125,0.16310339763447812,0.15993603985990137,0.16633348145429744,1.04,68.42958932493273,8
2022-03-07,186.41000366210938,0.16848172897741456,0.163643921421271,0.17346255670654723,1.06,72.63757894027681,8
2022-03-08,191.50999450683594,0.19284600306015262,0.18730859638443195,0.19854711216749785,1.06,91.70011075327264,8
2022-03-09,185.82000732421875,0.24667689995027214,0.23308776123313618,0.26105829258111257,1.12,100.0,8
2022-03-10,186.39999389648438,0.24669839730382345,0.23310807432290145,0.2610810432416497,1.12,100.0,8
2022-03-11,185.08999633789062,0.24910063918009595,0.23537797953491654,0.26362333707910657,1.12,100.0,8
2022-03-14,182.3000030517578,0.25271154602721496,0.2387899657938084,0.26744476168906545,1.12,100.0,8
2022-03-15,178.88999938964844,0.26790831837002577,0.2531495659187876,0.2835275138290422,1.12,100.0,8
2022-03-16,180.00999450683594,0.2642593752497326,0.24970163876003199,0.27966583541123585,1.12,98.10214208947978,8
2022-03-17,180.88999938964844,0.2620342209180294,0.247599065549166,0.277310953415066,1.12,96.94481334761332,8
2022-03-18,179.3000030517578,0.26000418486070387,0.24568086177767406,0.275162565190995,1.12,95.88896789784181,8
2022-03-21,180.6699981689453,0.2616269657953626,0.24721424562961833,0.2768799551051726,1.12,96.7329952044763,8
2022-03-22,179.36000061035156,0.2639092662935272,0.24937081689221202,0.2792953149192775,1.12,97.92004633457938,8
2022-03-23,181.80999755859375,0.269290282716052,0.25445539948319595,0.28499004742117956,1.12,100.0,8
2022-03-24,183.1300048828125,0.26837638855652796,0.2535918506722192,0.28402287275288557,1.12,99.52806513341507,8
2022-03-25,182.3800048828125,0.26866923314781044,0.2538685628012634,0.2843327903374151,1.12,99.67929005555375,8
2022-03-28,179.05999755859375,0.2785542637166863,0.2632090387253766,0.29479412337242183,1.12,100.0,8
2022-03-29,179.13999938964844,0.2669105469389136,0.25220676053592767,0.2824715718002391,1.12,94.26170120841688,8
2022-03-30,180.5800018310547,0.26558381038054435,0.2509531123256624,0.28106748580474195,1.12,93.6078540791074,8
2022-03-31,180.64999389648438,0.2643582989783837,0.2497951128974513,0.2797705264451455,1.12,93.0038930989233,8
2022-04-01,179.5,0.25571236870018016,0.241625476694262,0.27062053389757346,1.12,88.74297433780778,8
2022-04-04,180.3699951171875,0.24728144021000414,0.23365899808484236,0.26169807785502347,1.12,84.58801353873938,8
2022-04-05,179.24000549316406,0.21174840513944093,0.20566823228863723,0.21800832622595545,1.06,67.07649414177781,8
2022-04-06,179.66000366210938,0.17512533271520062,0.17009675980688643,0.18030256539529962,1.06,49.02777857723804,8
2022-04-07,180.33999633789062,0.17549396485943677,0.17045480699699347,0.18068209541681307,1.06,49.20944920940655,8
2022-04-08,181.47000122070312,0.1768160931473652,0.17173897151128098,0.18204330980195782,1.06,49.86102527414048,8
2022-04-11,182.3699951171875,0.1664267398108751,0.16319484497678485,0.16972263877585628,1.04,44.740906429450135,8
2022-04-12,183.77000427246094,0.14599129665725055,0.1431562443211603,0.14888249409400675,1.04,34.66983711438728,8
2022-04-13,184.64999389648438,0.145184548685334,0.1423651628497461,0.14805976936373597,1.04,34.272252648815424,8
2022-04-14,184.0399932861328,0.1454900318980103,0.14266471378484447,0.14837130233623824,1.04,34.422801995180116,8
2022-04-18,184.61000061035156,0.12513730543661217,0.12270722351917421,0.12761551245994118,1.04,24.392497420801497,8
2022-04-19,181.82000732421875,0.1530684573165267,0.15009597130240654,0.1560998101545028,1.04,38.15762913424198,8
2022-04-20,182.7100067138672,0.15028419721611888,0.14736577965184935,0.15326041083792333,1.04,36.78547995932195,8
2022-04-21,182.05999755859375,0.1261208482393091,0.12367166658521371,0.12861853324862227,1.04,24.877210556984956,8
2022-04-22,180.2899932861328,0.12800759321968005,0.1255217722529223,0.13054264314303923,1.04,25.807043070736558,8
2022-04-25,177.0500030517578,0.15994349543893926,0.15683750082988265,0.16311100086307798,1.04,41.545810391384705,8
2022-04-26,177.32000732421875,0.12705365682555217,0.12458636065900223,0.12956981508536233,1.04,25.3369206723525,8
2022-04-27,175.97999572753906,0.14426698222614148,0.14146541491119977,0.14712403150764777,1.04,33.82005421385926,8
2022-04-28,176.92999267578125,0.12742738390881322,0.12495283021483035,0.1299509434234236,1.04,25.521102210875718,8
2022-04-29,176.91000366210938,0.12735622452834852,0.12488305270145253,0.12987837480951064,1.04,25.486033186549236,8
2022-05-02,173.6300048828125,0.15904919218912428,0.1559605643449065,0.16219898691870277,1.04,41.105076615764325,8
2022-05-03,174.08999633789062,0.1576078886665209,0.15454724996283636,0.16072913996134985,1.04,40.394768179041805,8
2022-05-04,175.8000030517578,0.16355838390662356,0.16038219060607184,0.16679747823031474,1.04,43.32731285504979,8
2022-05-05,175.1300048828125,0.1632820299252718,0.16011120323230807,0.1665156513616004,1.04,43.19111908226178,8
2022-05-06,175.4199981689453,0.16227406135856262,0.15912280873408916,0.16548772108345275,1.04,42.69436835234515,8
2022-05-09,172.8800048828125,0.16773698998434564,0.16447965097721073,0.1710588370162992,1.04,45.386628678676445,8
2022-05-10,171.4199981689453,0.16621115304850673,0.16298344476367166,0.16950278255421855,1.04,44.634660178223776,8
2022-05-11,172.82000732421875,0.1668235610612455,0.16358396022660157,0.17012731863566566,1.04,44.93646931928457,8
2022-05-12,170.1699981689453,0.17085191012203246,0.1659460448582641,0.17590280754975993,1.06,46.92173493410233,8
2022-05-13,168.7899932861328,0.1716722049336845,0.16674278561178676,0.17674735274849393,1.06,47.325995602433814,8
2022-05-16,170.39999389648438,0.17896439594407498,0.17382558764578776,0.184255122904535,1.06,50.919759660899786,8
2022-05-17,169.3300018310547,0.17218258561426913,0.16723851115125887,0.17727282182033438,1.06,47.57752326310629,8
2022-05-18,169.4199981689453,0.16907770410902326,0.16422278364091902,0.17407615065937415,1.06,46.047364282979565,8
2022-05-19,171.91000366210938,0.18631726334032456,0.18096732379555264,0.19182536322328578,1.06,54.54342647621723,8
2022-05-20,172.02999877929688,0.18423543101916315,0.17894526949421014,0.18968198566386274,1.06,53.51745031063375,8
2022-05-23,172.8300018310547,0.1720975132074259,0.16715588152521532,0.17718523441672823,1.06,47.5355975705888,8
2022-05-24,174.1300048828125,0.17574623503813608,0.17069983345505846,0.18094182346236193,1.06,49.33377391510071,8
2022-05-25,173.0800018310547,0.17474964718316102,0.16973186176092422,0.17991577346657966,1.06,48.84263186887483,8
2022-05-26,172.75999450683594,0.172538956478961,0.16758464913389012,0.17763972808192352,1.06,47.75315124695768,8
2022-05-27,172.85000610351562,0.172635802501242,0.1676787143061572,0.17773943716452661,1.06,47.80087925539615,8
2022-05-31,171.13999938964844,0.15911452342963742,0.1560246268968726,0.16226561197274753,1.04,41.137273394992484,8
2022-06-01,172.22999572753906,0.1613773162847774,0.15824347784371434,0.16457321695746294,1.04,42.252431188167215,8
2022-06-02,174.35000610351562,0.1646849029763434,0.16148683343663642,0.16794630677410188,1.04,43.88248807442722,8
2022-06-03,172.5800018310547,0.16938500273028453,0.16452125844727197,0.17439253395410828,1.06,46.19880830559654,8
2022-06-06,171.82000732421875,0.16972292154197577,0.16484947421169224,0.17474044266439376,1.06,46.36534268167159,8
2022-06-07,172.94000244140625,0.16111995013802857,0.1579911095736354,0.16431075395658085,1.04,42.125595068990705,8
2022-06-08,172.77999877929688,0.1566611755392986,0.15361892136485925,0.15976367821945364,1.04,39.92820557728856,8
2022-06-09,172.22999572753906,0.15336795430474442,0.15038965226148043,0.15640523835193967,1.04,38.305228327727455,8
2022-06-10,174.5399932861328,0.14747389828296148,0.14461005482508038,0.15039445701808363,1.04,35.40049823227506,8
2022-06-13,169.92999267578125,0.1863791029940833,0.18102738777698157,0.19188903104360044,1.06,54.57390251897989,8
2022-06-14,168.57000732421875,0.18488115189763119,0.17957244905449507,0.19034679599776475,1.06,53.83567681917323,8
2022-06-15,170.77000427246094,0.19151289114182543,0.1860137636252208,0.197174589442734,1.06,57.10395463950798,8
2022-06-16,172.69000244140625,0.19692304087037418,0.19126856556979618,0.20274467950398392,1.06,59.770204278015036,8
2022-06-17,171.27000427246094,0.1906587570977509,0.18518415530365315,0.19629520462187233,1.06,56.68301719775235,8
2022-06-21,170.6300048828125,0.1912032267976361,0.18571299102563354,0.19685577048717154,1.06,56.95134473272546,8
2022-06-22,171.30999755859375,0.1908898067950914,0.18540857060818192,0.1965330848446728,1.06,56.796883948751955,8
2022-06-23,170.25999450683594,0.1888927177148333,0.18346882621865912,0.19447695579177868,1.06,55.81267125493194,8
2022-06-24,170.08999633789062,0.1875986460504003,0.18221191270611825,0.19314462746848532,1.06,55.17492215728872,8
2022-06-27,169.89999389648438,0.1875515451180836,0.18216616423645518,0.1930961340906425,1.06,55.15170970475714,8
2022-06-28,169.6199951171875,0.1874797765984493,0.18209645648797207,0.1930222438772504,1.06,55.11634048225274,8
2022-06-29,169.49000549316406,0.18309058061684758,0.177833292483927,0.1885032900329626,1.06,52.95324097734838,8
2022-06-30,168.4600067138672,0.1818895921952672,0.17666678940919123,0.1872667967737427,1.06,52.361365501519586,8
2022-07-01,168.32000732421875,0.1718230326931368,0.16688928248219378,0.1769026394311254,1.06,47.40032708664292,8
2022-07-05,164.75,0.1882454669947191,0.18284016074481169,0.19381057038950036,1.06,55.49369080427614,8
2022-07-06,162.13999938964844,0.19693270430491563,0.1912779515271481,0.20275462861877697,1.06,59.77496664692268,8
2022-07-07,162.22999572753906,0.1931069197822614,0.18756202110786882,0.19881574237434094,1.06,57.889529623487654,8
2022-07-08,162.3000030517578,0.19349783281303784,0.1879417094080732,0.19921821197255757,1.06,58.08218080308356,8
2022-07-11,161.42999267578125,0.19373473563849367,0.18817180977319092,0.19946211835958236,1.06,58.198932113939115,8
2022-07-12,160.8300018310547,0.17894660177549315,0.17380830442141182,0.1842368026866965,1.06,50.91099027411212,8
2022-07-13,161.60000610351562,0.15083627112958853,0.14790713266295075,0.1538234179694688,1.04,37.057555030451724,8
2022-07-14,159.3300018310547,0.15722059035221447,0.1541674727200998,0.16033417162890384,1.04,40.20389841714505,8
2022-07-15,159.00999450683594,0.12650574272721296,0.12404908668223219,0.1290110501495215,1.04,25.066895656423466,8
2022-07-18,159.16000366210938,0.1134573279588001,0.11125406331192653,0.11570422584440361,1.04,18.636328499328673,8
2022-07-19,159.5399932861328,0.11472317707563033,0.11249533049423066,0.11699514371399991,1.04,19.26016885855999,8
2022-07-20,158.0399932861328,0.11693596791190869,0.11466515042763117,0.11925175644473643,1.04,20.35068447519552,8
2022-07-21,160.27000427246094,0.14731569374131107,0.14445492250873146,0.15023311940908074,1.04,35.32253129547113,8
2022-07-22,160.6699981689453,0.14875044291913606,0.14586180982697008,0.15169628222004888,1.04,36.02960959619504,8
2022-07-25,160.22999572753906,0.14851037186344196,0.14562640078896372,0.1514514568205223,1.04,35.91129690660667,8
2022-07-26,160.0399932861328,0.14849412603910875,0.1456104704475619,0.15143488926546442,1.04,35.903290580455085,8
2022-07-27,161.6699981689453,0.1586587954835799,0.15557774887959627,0.16180085883478015,1.04,40.91267989344453,8
2022-07-28,163.63999938964844,0.17025096336069362,0.1653623537649463,0.17528409499084305,1.06,44.49616017778399,8
2022-07-29,164.10000610351562,0.17014053350663344,0.16525509480891548,0.1751704004974504,1.06,43.7963906979279,8
2022-08-01,165.02999877929688,0.17271098137967256,0.16775173448792466,0.17781683855720012,1.06,45.12895667188455,8
2022-08-02,164.0500030517578,0.14860653996149958,0.14572070136753698,0.15154952942223848,1.04,32.63278478215415,8
2022-08-03,164.4499969482422,0.11787239960938299,0.11558339725427892,0.12020673314445009,1.04,16.69965884654976,8
2022-08-04,167.1699981689453,0.14703315650270427,0.14417787195239054,0.14994498683048618,1.04,31.300025114529117,8
2022-08-05,165.2899932861328,0.1568412142202667,0.15379546381629347,0.15994728236894523,1.04,34.05492880610835,8
2022-08-08,166.69000244140625,0.15729748958589726,0.1542428786226246,0.16041259376752962,1.04,34.30214232672111,8
2022-08-09,167.1999969482422,0.15555361795678557,0.15253287180223205,0.15863418667432133,1.04,33.35729919600849,8
2022-08-10,166.77999877929688,0.15611595408507387,0.1530842877428744,0.1592076592525894,1.04,33.66197725779643,8
2022-08-11,166.33999633789062,0.12684433133238832,0.12438110012547628,0.12935634413049535,1.04,17.802385748314357,8
2022-08-12,167.8699951171875,0.12838852657152885,0.1258953081364714,0.13093112046193028,1.04,18.639042667220878,8
2022-08-15,165.7100067138672,0.15745105458637776,0.15439346149455824,0.1605691999543406,1.04,34.385345031209056,8
2022-08-16,165.4199981689453,0.1582500720090161,0.15517696253873778,0.1613840410402873,1.04,34.81825884808451,8
2022-08-17,164.35000610351562,0.15469416362799418,0.1516901074957803,0.15775771179561152,1.04,32.89164019613507,8
2022-08-18,163.9199981689453,0.1459147403735648,0.14308117470877535,0.14880442169712638,1.04,28.134880802215818,8
2022-08-19,162.72000122070312,0.15011419593067568,0.14719907967650112,0.1530870428635612,1.04,30.41017828950297,8
2022-08-22,161.63999938964844,0.15270169404300893,0.14973633032384184,0.15572578353679553,1.04,31.812104770992498,8
2022-08-23,162.77000427246094,0.15497722449666482,0.151967671513643,0.15804637837418875,1.04,33.045004763154964,8
2022-08-24,163.25,0.1496836858006065,0.1467769297622661,0.15264800695275677,1.04,30.17692457271118,8
2022-08-25,163.75,0.12687138631800973,0.12440762972155774,0.12938393491042005,1.04,17.817044348689056,8
2022-08-26,161.75999450683594,0.1496005949304239,0.1466954524606387,0.15256327055906427,1.04,30.131905296861756,8
2022-08-29,161.86000061035156,0.14702185786740718,0.14416679272895655,0.14993346443811484,1.04,28.734725619624534,8
2022-08-30,160.50999450683594,0.14893785518520075,0.14604558267346057,0.15188740598039902,1.04,29.772827779187296,8
2022-08-31,159.27000427246094,0.15064582667683804,0.14772038651279107,0.15362920197330274,1.04,30.698219937868455,8
2022-09-01,157.8699951171875,0.11697452094857531,0.11470295479037566,0.11929107298199071,1.04,12.454846177794387,8
2022-09-02,159.25999450683594,0.11982913375597783,0.11750213294589439,0.12220221826373016,1.04,14.001497466165,8
2022-09-06,158.3300018310547,0.11317918553288386,0.11098132222398327,0.11542057511294261,1.04,10.398504107424737,8
2022-09-07,159.94000244140625,0.12154120929079631,0.11918096113066058,0.12394819957588703,1.04,14.929113227170534,8
2022-09-08,158.97999572753906,0.12241279150655067,0.12003561780870518,0.1248370425210534,1.04,15.401343209962489,8
2022-09-09,159.82000732421875,0.12587441690988702,0.12343002078569759,0.12836722161712552,1.04,17.276878615689995,8
2022-09-12,160.6300048828125,0.12114530126449022,0.1187927413707139,0.12354445102554247,1.04,14.714607197710178,8
2022-09-13,158.5399932861328,0.12134705858259538,0.11899058069802705,0.12375020392594814,1.04,14.823920872467172,8
2022-09-14,157.92999267578125,0.12149154253341876,0.11913225886815193,0.12389754922287802,1.04,14.902203394044308,8
2022-09-15,154.97999572753906,0.15155266743775378,0.1486096170388739,0.15455400172042888,1.04,31.189553273016468,8
2022-09-16,155.83999633789062,0.15579679212481498,0.1527713236922289,0.15888217663991808,1.04,33.48905284025258,8
2022-09-19,155.9600067138672,0.15483416695439353,0.15182739205217993,0.15790048773426715,1.04,32.96749508075907,8
2022-09-20,155.07000732421875,0.15436069659559515,0.1513631161678298,0.15741764081454301,1.04,32.710965179911625,8
2022-09-21,155.7899932861328,0.15205233959370323,0.14909958589917877,0.15506356933514592,1.04,31.46027951012929,8
2022-09-22,155.6999969482422,0.15051240636030286,0.14758955712865213,0.15349313941379822,1.04,30.625931778882816,8
2022-09-23,153.00999450683594,0.16131591480384097,0.15818326873804928,0.16451059948757127,1.04,36.4793561766824,8
2022-09-26,151.22999572753906,0.16078062204355614,0.15765837100147673,0.1639647058415358,1.04,36.189330420753926,8
2022-09-27,151.5399932861328,0.1615705656512815,0.15843297443809778,0.16477029341562172,1.04,36.61732797455888,8
2022-09-28,154.69000244140625,0.18892223167443656,0.18349749271036397,0.1945073422729858,1.06,51.43667208458849,8
2022-09-29,154.66000366210938,0.18714270606697989,0.18176906464613857,0.19267520852490688,1.06,50.472511352763796,8
2022-09-30,154.6699981689453,0.1842743878601897,0.17898310772314135,0.1897220941865298,1.06,48.91843437304701,8
2022-10-03,158.42999267578125,0.2094807532099308,0.20346569402875686,0.21567363567048226,1.06,62.57543799266971,8
2022-10-04,160.6999969482422,0.21658216771251312,0.21036319753785393,0.22298498939012515,1.06,66.42303927197135,8
2022-10-05,159.80999755859375,0.2138974639970809,0.2077555827744366,0.22022091774090277,1.06,64.96844604321578,8
2022-10-06,159.6300048828125,0.212294305673527,0.20619845775964832,0.21857036522522721,1.06,64.09984246932412,8
2022-10-07,157.8800048828125,0.21617757017792646,0.20997021767256532,0.2225684307329192,1.06,66.20382519974505,8
2022-10-10,155.47999572753906,0.2232813096887924,0.21686997942933808,0.22988217819509837,1.06,70.05268618650963,8
2022-10-11,155.16000366210938,0.21732518378053808,0.21108487854023086,0.2237499712526447,1.06,66.82561112196474,8
2022-10-12,155.99000549316406,0.21860377280016002,0.2123267539787549,0.22506635921748017,1.06,67.51836053770572,8
2022-10-13,154.91000366210938,0.2050968759125883,0.19920769598753912,0.21116015774679148,1.06,60.200219380740684,8
2022-10-14,152.97999572753906,0.21012951461294097,0.2040958268075437,0.21634157641599633,1.06,62.926941936465106,8
2022-10-17,153.4199981689453,0.21064375222770668,0.20459529853265798,0.21687101644461743,1.06,63.20555985177171,8
2022-10-18,153.75,0.20981212854636716,0.2037875542081714,0.21601480746066168,1.06,62.75497971184946,8
2022-10-19,151.69000244140625,0.2155851043621971,0.20939476400181742,0.22195844984192645,1.06,65.88282264036567,8
2022-10-20,151.4499969482422,0.21556033771844277,0.2093707085108808,0.22193295102153363,1.06,65.86940388130597,8
2022-10-21,154.14999389648438,0.21750360277863398,0.21125817439065736,0.22393366485409677,1.06,66.92227991450966,8
2022-10-24,153.64999389648438,0.21143855922707658,0.20536728333444856,0.21768932033451546,1.06,63.63619242876908,8
2022-10-25,154.0,0.2114665614522099,0.2053944814998351,0.2177181503898252,1.06,63.65136425083454,8
2022-10-26,154.97999572753906,0.1940280249808481,0.18845667756499984,0.19976407821889983,1.06,54.20303037144178,8
2022-10-27,154.74000549316406,0.19415230967599392,0.18857739353230238,0.1998920371442405,1.06,54.270368780130184,8
2022-10-28,153.16000366210938,0.19903549144362345,0.1933203589465217,0.20491958048331296,1.06,56.916114414237526,8
2022-10-31,151.91000366210938,0.16818064861667306,0.16335148632344934,0.1731525755028563,1.06,40.19872202847337,8
2022-11-01,153.4600067138672,0.161383549486753,0.1582495900011193,0.16457957360116407,1.04,36.51600117077516,8
2022-11-02,152.38999938964844,0.1620541635561776,0.15890718119844352,0.1652634684463813,1.04,36.879345058179226,8
2022-11-03,151.80999755859375,0.16206233929976468,0.1589151981746144,0.165271806101599,1.04,36.88377473926226,8
2022-11-04,156.47000122070312,0.20912853112538046,0.20312358569762312,0.21531100083948052,1.06,62.38460134419337,8
2022-11-07,155.85000610351562,0.19906214733487734,0.1933462494368451,0.20494702440305582,1.06,56.93055678219846,8
2022-11-08,159.4499969482422,0.22090676344704846,0.21456361623521863,0.22743743320933174,1.06,68.7661386748593,8
2022-11-09,158.64999389648438,0.22175819972696947,0.21539060425660397,0.2283140405120002,1.06,69.22745343386634,8
2022-11-10,163.47999572753906,0.2508720732355889,0.23705182738305403,0.26549804666902055,1.12,85.00157518333697,8
2022-11-11,164.55999755859375,0.24175860606815425,0.2284404103449882,0.2558532595863868,1.12,80.06382821482187,8
2022-11-14,164.9199981689453,0.2418184217656783,0.22849693086646908,0.2559165625704454,1.12,80.09623682218202,8
2022-11-15,165.5,0.24173036307730206,0.22841372322710407,0.25582337001435657,1.12,80.04852594402854,8
2022-11-16,165.1199951171875,0.23101066634673934,0.22437739427631895,0.23784003793289807,1.06,74.24051138027643,8
2022-11-17,163.9199981689453,0.23500687363030306,0.22825885391389353,0.2419543851487271,1.06,76.40568738162139,8
2022-11-18,162.7899932861328,0.23090439068350935,0.22427417022711102,0.23773062044073767,1.06,74.18293040430979,8
2022-11-21,161.8800048828125,0.23228336575130878,0.22561354921500776,0.23915036216790822,1.06,74.93006975704871,8
2022-11-22,162.07000732421875,0.2323610411792207,0.22568899425999117,0.23923033391559062,1.06,74.97215490440851,8
2022-11-23,163.0800018310547,0.232320919516095,0.2256500246558229,0.23918902613517226,1.06,74.9504166771421,8
2022-11-25,163.22000122070312,0.23173559900579588,0.22508151111922162,0.2385864017863749,1.06,74.63328549948595,8
2022-11-28,161.92999267578125,0.22945530675065473,0.22286669548976026,0.23623869721914587,1.06,73.39780552646477,8
2022-11-29,162.72999572753906,0.22421186521436662,0.21777381485546676,0.23084024374679477,1.06,70.55686836449102,8
2022-11-30,164.80999755859375,0.22592563870858604,0.2194383788216847,0.23260468155098576,1.06,71.48540409302709,8
2022-12-01,167.83999633789062,0.22891647476373636,0.22234333559868058,0.2356839357346014,1.06,73.1058621901841,8
2022-12-02,167.25999450683594,0.22866771667318858,0.22210172038218454,0.23542782360511558,1.06,72.97108313354966,8
2022-12-05,164.38999938964844,0.21724006024061515,0.2110021992493499,0.2236623312043109,1.06,66.77949052993522,8
2022-12-06,164.83999633789062,0.21531320815039504,0.20913067505526559,0.22167851555858148,1.06,65.73550717075234,8
2022-12-07,166.3300018310547,0.19810480755292467,0.19241639884116232,0.20396138277163203,1.06,56.411862687039246,8
2022-12-08,166.47000122070312,0.19562520614203494,0.190007997046484,0.20140847686927302,1.06,55.068395472552865,8
2022-12-09,167.05999755859375,0.1519641736662844,0.14901313209449749,0.1549736573782774,1.04,31.412510529033455,8
2022-12-12,165.67999267578125,0.15486546396967735,0.15185808130057404,0.15793240455259705,1.04,32.984452045600456,8
2022-12-13,168.50999450683594,0.17021130376115937,0.16532383295661193,0.17524326293400863,1.06,41.298946684970296,8
2022-12-14,168.10000610351562,0.17047180678115645,0.16557685585703646,0.17551146720845864,1.06,41.4400892351817,8
2022-12-15,165.35000610351562,0.18543512179930602,0.18011051218816326,0.19091714291945305,1.06,49.54732899501968,8
2022-12-16,166.7899932861328,0.18579619808806147,0.18046122048266386,0.1912888937116237,1.06,49.742962919787175,8
2022-12-19,166.32000732421875,0.18332100759576328,0.17805710295085353,0.1887405291279047,1.06,48.40188557509498,8
2022-12-20,169.0800018310547,0.191861889182768,0.1863527404883787,0.19753390491768139,1.06,53.02940124941217,8
2022-12-21,168.8000030517578,0.1925221021284316,0.18699399598864697,0.19821363574796577,1.06,53.387109727550296,8
2022-12-22,166.75999450683594,0.20064025460684032,0.19487904271938594,0.2065717852825491,1.06,57.78558750266577,8
2022-12-23,167.25999450683594,0.20079406129976227,0.19502843298575698,0.20673013896490236,1.06,57.86892115798703,8
2022-12-27,168.6699981689453,0.19860628052495402,0.1929034724492487,0.2044776807962036,1.06,56.683564620226456,8
2022-12-28,167.91000366210938,0.20005120926210196,0.19430691130375422,0.20596532598197947,1.06,57.466438180913336,8
2022-12-29,168.85000610351562,0.19471115438995323,0.18912019150222414,0.20046740299235757,1.06,54.369826798542576,8
2022-12-30,169.63999938964844,0.18011444389086365,0.17494261295753658,0.18543916973498875,1.06,46.42581764151788,8
2023-01-03,171.05999755859375,0.18211585864186952,0.17688655880990187,0.18749975233849597,1.06,42.26286064250154,8
2023-01-04,172.6699981689453,0.16521775287648474,0.16200933575175885,0.16848970918182923,1.04,31.466994855031167,8
2023-01-05,170.52000427246094,0.17709488056333839,0.17200975378701883,0.18233033901423995,1.06,38.64892808057624,8
2023-01-06,173.7100067138672,0.18887398163738836,0.18345062813152085,0.19445766581941207,1.06,45.77158598248716,8
2023-01-09,174.10000610351562,0.18877991008024628,0.1833592577580188,0.1943608132234999,1.06,45.714702225771696,8
2023-01-10,174.74000549316406,0.1887979845319594,0.18337681321743762,0.19437942201048386,1.06,45.7256315942785,8
2023-01-11,174.6199951171875,0.18338827047429707,0.17812243443383485,0.1888097804998649,1.06,42.45445306056387,8
2023-01-12,176.63999938964844,0.17662516768950917,0.1715535283133013,0.18184674001209938,1.06,38.36489926620605,8
2023-01-13,178.75999450683594,0.1797542241376529,0.17459273660390115,0.18506830080013523,1.06,40.25699599716936,8
2023-01-17,177.58999633789062,0.16333668996125314,0.16016480180732393,0.16657139387961692,1.04,30.329542382814683,8
2023-01-18,177.0800018310547,0.163854891266298,0.16067293999316873,0.1670998575928955,1.04,30.64289147430772,8
2023-01-19,179.88999938964844,0.17023073574957875,0.16534270697224115,0.17526326939057563,1.06,34.49827558254348,8
2023-01-20,179.2899932861328,0.16312499572921432,0.15995721853423145,0.16635550727560072,1.04,30.201533837413702,8
2023-01-23,179.6300048828125,0.16191370518219478,0.158769450431177,0.16512022844842408,1.04,29.469083361609073,8
2023-01-24,180.27999877929688,0.14673460567094443,0.1438851187760554,0.14964052352709764,1.04,20.290493892172886,8
2023-01-25,181.11000061035156,0.14670459017736076,0.14385568616307592,0.149609913609599,1.04,20.27234394242634,8
2023-01-26,179.47000122070312,0.15531317432966005,0.15229709742787972,0.15838898132499493,1.04,25.47783454405827,8
2023-01-27,179.22000122070312,0.15293922852810454,0.1499692520497368,0.15596802213172628,1.04,24.042342674529394,8
2023-01-30,178.75999450683594,0.15450838514269752,0.15150793670313925,0.15756825417126485,1.04,24.99118976311488,8
2023-01-31,179.41000366210938,0.15433851992197012,0.151341370150222,0.1573950249562309,1.04,24.88847463663215,8
2023-02-01,181.6699981689453,0.15818396460893996,0.15511213889970293,0.1613166244556911,1.04,27.213761329888257,8
2023-02-02,177.89999389648438,0.18534513281304352,0.18002310715803865,0.19082449358752093,1.06,43.637740385496556,8
2023-02-03,173.4600067138672,0.21006206075522027,0.20403030982917814,0.21627212841892882,1.06,58.583721493185394,8
2023-02-06,173.82000732421875,0.19474522650817772,0.18915328526895614,0.2005024823850935,1.06,49.32184575274341,8
2023-02-07,173.97999572753906,0.19453982558604602,0.1889537822571745,0.20029100919260492,1.06,49.19764268394521,8
2023-02-08,174.41000366210938,0.19417009215161837,0.18859466539947412,0.19991034532344254,1.06,48.97407004017799,8
2023-02-09,173.02999877929688,0.1970323999349193,0.19137478448310946,0.202857271552096,1.06,50.70486757916369,8
2023-02-10,173.36000061035156,0.1900236260408902,0.18456726148738034,0.19564129717662315,1.06,46.466759896312375,8
2023-02-13,172.47999572753906,0.1816572084054829,0.17644107831953273,0.1870275430187047,1.06,41.40770400512868,8
2023-02-14,172.61000061035156,0.18065284021136271,0.1754655496919825,0.18599348267350144,1.06,40.800376586057766,8
2023-02-15,170.88999938964844,0.18427294284734239,0.17898170420259182,0.1897206064547473,1.06,42.989402088410785,8
2023-02-16,170.75,0.1668762061359279,0.16363558296950545,0.1701810062882857,1.04,32.469838377559945,8
2023-02-17,171.25999450683594,0.168510895150584,0.16367225011292952,0.17349258511970528,1.06,33.458311993178896,8
2023-02-21,170.6199951171875,0.16754479450164167,0.16429118780091614,0.17086283531295282,1.04,32.87412442419792,8
2023-02-22,169.66000366210938,0.16564657479943362,0.16242983024271515,0.16892702345242377,1.04,31.726297482523968,8
2023-02-23,169.57000732421875,0.16254829281307467,0.1593917147990503,0.16576738339101232,1.04,29.852809638777995,8
2023-02-24,168.35000610351562,0.16146168887233028,0.15832621197262675,0.16465926045153184,1.04,29.195755412302155,8
2023-02-27,169.00999450683594,0.1641539826194228,0.16096622319430917,0.16740487212208155,1.04,30.82374783816225,8
2023-02-28,169.77999877929688,0.16722383661857834,0.1639764627030736,0.17053552121119656,1.04,32.68004567509728,8
2023-03-01,170.75999450683594,0.16896696407170522,0.16411522340827508,0.1739621368127716,1.06,33.734090499910316,8
2023-03-02,170.66000366210938,0.15544399256909455,0.1524253752654971,0.158522390276117,1.04,25.5569385063186,8
2023-03-03,172.49000549316406,0.14407815391046774,0.14128025351382684,0.14693146365437992,1.04,18.684174615017817,8
2023-03-06,171.6199951171875,0.08931605345691858,0.08758159604883156,0.09108485989078484,1.04,0.0,8
2023-03-07,168.6199951171875,0.10998371683637193,0.1078479073704084,0.11216182366522476,1.04,10.921506471173448,8
2023-03-08,168.5399932861328,0.10963474464023448,0.10750571197852261,0.11180594045766352,1.04,10.737097521385554,8
2023-03-09,170.1999969482422,0.11717665287614229,0.11490116145248801,0.11949720791058754,1.04,14.722502068149662,8
2023-03-10,173.8699951171875,0.15806960059695066,0.15499999575955176,0.16119999558993384,1.04,36.331746662396526,8
2023-03-13,177.86000061035156,0.18478034136950824,0.17947453321375248,0.1902430052065776,1.06,50.44662374556683,8
2023-03-14,176.8300018310547,0.18527832953145495,0.1799582220750726,0.19075571539957695,1.06,50.70977787351124,8
2023-03-15,178.2100067138672,0.18732427656394343,0.18194542150286044,0.19286214679303207,1.06,51.79092688125127,8
2023-03-16,178.57000732421875,0.17994628914815317,0.17477928663325357,0.18526604383124876,1.06,47.89214375195488,8
2023-03-17,183.77000427246094,0.2116433864848752,0.20556622915417377,0.21790020290342418,1.06,64.64198369876655,8
2023-03-20,183.83999633789062,0.2120954438776746,0.2060053061087739,0.2183656244753003,1.06,64.880866423444,8
2023-03-21,180.3699951171875,0.23130242219024738,0.22466077260237843,0.23814041895852112,1.06,75.03049650407483,8
2023-03-22,183.44000244140625,0.23549647176696922,0.22873439366227383,0.24245845728201024,1.06,77.24677701685533,8
2023-03-23,185.74000549316406,0.2373178758355465,0.23050349768372294,0.2443337075447463,1.06,78.20926977456904,8
2023-03-24,183.64999389648438,0.24179768283139172,0.22847733441554807,0.2558946145454139,1.12,80.57655436772586,8
2023-03-27,181.9499969482422,0.24870443887647184,0.2350036054375031,0.2632040380900035,1.12,84.22632258081518,8
2023-03-28,183.44000244140625,0.24941639236067895,0.23567633824616666,0.2639574988357067,1.12,84.60254336795421,8
2023-03-29,182.52999877929688,0.25203956427633845,0.23815500272295376,0.2667336030497083,1.12,91.62643932758941,8
2023-03-30,184.17999267578125,0.2524997826577773,0.23858986821797798,0.2672206524041354,1.12,92.57718600887615,8
2023-03-31,183.22000122070312,0.25333341446678914,0.23937757623642023,0.2681028853847907,1.12,93.70158644917372,8
2023-04-03,184.5399932861328,0.251237963493474,0.23739756117930588,0.26588526852082267,1.12,97.31099501802979,8
2023-04-04,187.97999572753906,0.2396788536582951,0.2327966820642977,0.24676448298815554,1.06,91.67492957792908,8
2023-04-05,187.8300018310547,0.23983517594868398,0.2329485156949237,0.24692542663661912,1.06,91.77023795835075,8
2023-04-06,186.49000549316406,0.24474644422221817,0.23126365202833227,0.2590152902717322,1.12,94.76459675262412,8
2023-04-10,185.11000061035156,0.23768243697728983,0.23085759076666307,0.24470904621266282,1.06,90.45773118581181,8
2023-04-11,186.27999877929688,0.221638249198779,0.2152740980043903,0.22819054388465368,1.06,80.67572537878918,8
2023-04-12,187.19000244140625,0.21881572136022856,0.21253261661869643,0.22528457361581822,1.06,78.95485398982652,8
2023-04-13,189.72000122070312,0.2225385115472317,0.21614851009585495,0.22911742070160623,1.06,81.22460773057786,8
2023-04-14,186.36000061035156,0.23988213199639605,0.2329941234402186,0.24697377084663172,1.06,91.79886666413098,8
2023-04-17,185.52999877929688,0.2093848819966622,0.20337257567470204,0.21557493021518415,1.06,73.20495086646216,8
2023-04-18,186.25,0.20988225255856108,0.20385566466982713,0.21608700455001673,1.06,73.50819349811806,8
2023-04-19,185.36000061035156,0.19236553677871512,0.18684192627793234,0.19805244185460827,1.06,62.82839980311292,8
2023-04-20,186.08999633789062,0.17992783298260104,0.17476136042057946,0.18524704204581421,1.06,55.245236826014676,8
2023-04-21,184.25,0.1772826339943024,0.17219211604012327,0.18252364300253066,1.06,53.63248133963696,8
2023-04-24,184.80999755859375,0.1708314966431407,0.165926217534815,0.1758817905869039,1.06,49.699277371812194,8
2023-04-25,185.75,0.16629209541695839,0.16306281528602,0.16958532789746084,1.04,46.93164277616159,8
2023-04-26,184.74000549316406,0.16525976656526678,0.162050533563093,0.16853255490561678,1.04,46.30224059255404,8
2023-04-27,184.75,0.16354374225880505,0.16036783328916074,0.1667825466207272,1.04,45.255995063485656,8
2023-04-28,184.8000030517578,0.15915423539198414,0.15606356767974355,0.16230611038693332,1.04,42.579749792988494,8
2023-05-01,183.97000122070312,0.15871464226670828,0.15563251115593146,0.16185781160216875,1.04,42.31173357655309,8
2023-05-02,187.52000427246094,0.17593707143189322,0.170885190146338,0.18113830155511826,1.06,52.81210320763653,8
2023-05-03,189.11000061035156,0.1612798785018676,0.1581479322367108,0.16447384952617927,1.04,43.875736447569246,8
2023-05-04,190.44000244140625,0.16367514415322731,0.1604966834475804,0.16691655078548362,1.04,45.33610968892116,8
2023-05-05,187.4600067138672,0.17526397884470002,0.17023142483233977,0.18044531032228014,1.06,52.401724341003806,8
2023-05-08,187.69000244140625,0.17185838994688396,0.16692362448289016,0.17693904195186358,1.06,50.325365547734904,8
2023-05-09,189.02000427246094,0.17236220230377478,0.1674129703024191,0.17745774852056426,1.06,50.632535687401095,8
2023-05-10,188.75,0.1715576281635729,0.16663149881482278,0.17662938874371212,1.06,50.14199362816538,8
2023-05-11,187.1300048828125,0.1652093791884758,0.16200112467511305,0.1684811696621176,1.04,46.27151983440946,8
2023-05-12,186.80999755859375,0.14637840382056025,0.14353583412492332,0.1492772674899203,1.04,34.79043316652781,8
2023-05-15,187.2100067138672,0.14512558195684938,0.14230734121528538,0.1479996348638968,1.04,34.02659825539577,8
2023-05-16,184.8699951171875,0.1543416346737491,0.151344424415626,0.15739820139225108,1.04,39.64554777400501,8
2023-05-17,184.22999572753906,0.1537203173334209,0.15073517263822853,0.1567645795437577,1.04,39.26673583818146,8
2023-05-18,181.83999633789062,0.1616086502752294,0.15847031948438203,0.16480913226375735,1.04,44.07618582154863,8
2023-05-19,183.63999938964844,0.16304537477082143,0.15987914376105136,0.16627430951149344,1.04,44.95214461441421,8
2023-05-22,183.2100067138672,0.16263812893444918,0.15947980636364917,0.16585899861819514,1.04,44.70385026687392,8
2023-05-23,183.42999267578125,0.160960898461101,0.157835146572804,0.1641485524357162,1.04,43.68125701026908,8
2023-05-24,181.9499969482422,0.16286134971013427,0.1596986923426987,0.16608664003640666,1.04,44.83994608887149,8
2023-05-25,180.1999969482422,0.16713773602699067,0.16389203412679715,0.17044771549186905,1.04,47.447222715276325,8
2023-05-26,180.9199981689453,0.1685263979485887,0.16368730776145846,0.17350854622714595,1.06,48.29387816263135,8
2023-05-30,182.0399932861328,0.1704855448094214,0.16559019940966688,0.17552561137424688,1.06,49.48835346010599,8
2023-05-31,182.32000732421875,0.14657621583458266,0.1437298047632932,0.14947899695382497,1.04,34.91103748109821,8
2023-06-01,183.75999450683594,0.14585547288602088,0.14302305815579303,0.14874398048202478,1.04,34.471606591511836,8
2023-06-02,181.0500030517578,0.15131615482677446,0.1483776973429904,0.15431280523671,1.04,37.80093825928873,8
2023-06-05,182.13999938964844,0.12880981810744033,0.12630841847541835,0.1313607552144351,1.04,24.079014811209536,8
2023-06-06,182.33999633789062,0.1287695489462095,0.12626893131408912,0.13131968856665271,1.04,24.05446304365098,8
2023-06-07,180.14999389648438,0.14456832065396097,0.14176090155036264,0.14743133761237717,1.04,33.68684074469245,8
2023-06-08,182.52999877929688,0.1590115023509167,0.15592360641789024,0.16216055067460586,1.04,42.49272666312675,8
2023-06-09,182.0399932861328,0.1560436335608162,0.15301337163433149,0.15913390649970474,1.04,40.683242123302996,8
2023-06-12,181.8800048828125,0.15605001595011891,0.15301963008194647,0.15914041528522435,1.04,40.68713341216622,8
2023-06-13,180.5399932861328,0.1572731373451508,0.15421899928593885,0.16038775925737642,1.04,41.43286019834361,8
2023-06-14,180.63999938964844,0.14988081914005935,0.14697023490546798,0.15284904430168672,1.04,36.925826211467935,8
2023-06-15,181.91000366210938,0.15339585069671552,0.1504170069243688,0.15643368720134357,1.04,39.06891126966773,8
2023-06-16,181.6300048828125,0.1287698786662063,0.12626925463114635,0.13132002481639224,1.04,24.05466407114877,8
2023-06-20,179.75,0.1280698827281957,0.12558285214127102,0.1306061662269219,1.04,23.627882458701983,8
2023-06-21,179.49000549316406,0.1279780158410255,0.12549276924697605,0.13051248001685511,1.04,23.57187199334358,8
2023-06-22,177.7100067138672,0.1467421578445192,0.14389252429152227,0.1496482252631832,1.04,35.01221092329653,8
2023-06-23,178.1999969482422,0.14480629832940026,0.14199425786014425,0.14767402817455005,1.04,33.831933723858825,8
2023-06-26,178.50999450683594,0.1259100070969301,0.12346491983535625,0.12840351662877053,1.04,22.311024524903367,8
2023-06-27,177.69000244140625,0.12551068748486893,0.12307335474034468,0.12799628892995848,1.04,22.067562729394332,8
2023-06-28,177.27999877929688,0.12228762469243201,0.11991288164954263,0.12470939691552435,1.04,20.102488561274438,8
2023-06-29,177.08999633789062,0.12175090097974202,0.11938658074869374,0.1241620439786415,1.04,19.775252645890035,8
2023-06-30,178.27000427246094,0.12038180195393955,0.11804406870088457,0.12276583144891996,1.04,18.940524530907084,8
2023-07-03,178.47000122070312,0.1079288650917116,0.10583295945818472,0.11006627783651211,1.04,11.348074082031411,8
2023-07-05,177.83999633789062,0.10489309106106282,0.10285613810796619,0.10697038363228485,1.04,9.497188290455917,8
2023-07-06,177.30999755859375,0.10468034431590137,0.10264752276084473,0.10675342367127853,1.04,9.367478396423026,8
2023-07-07,178.63999938964844,0.10056677675419605,0.09861383790168748,0.102558391417755,1.04,6.8594709901474396,8
2023-07-10,178.77999877929688,0.08473363682206339,0.08308816684872794,0.08641169352267708,1.04,0.0,8
2023-07-11,179.4499969482422,0.08636518287686444,0.08468802938156561,0.08807555055682825,1.04,0.9677035625984346,8
2023-07-12,181.8800048828125,0.10200313279680086,0.10002230088047764,0.10402319291569675,1.04,10.242893683482686,8
2023-07-13,182.00999450683594,0.09754848393876506,0.09565415829329911,0.09948032462503108,1.04,7.600749713742312,8
2023-07-14,181.42999267578125,0.09851241752326537,0.09659937293890959,0.10046334785646599,1.04,8.172478572443131,8
2023-07-17,181.55999755859375,0.09468453357957833,0.09284582391494253,0.09655965687154025,1.04,5.902081780014869,8
2023-07-18,183.63999938964844,0.10413938790510921,0.10211707135803082,0.10620175421235206,1.04,11.509950578901538,8
2023-07-19,183.6699981689453,0.09436286050214311,0.09253039751131953,0.09623161341177232,1.04,5.711290853758103,8
2023-07-20,182.74000549316406,0.0968581483491941,0.09497722855442413,0.0987763176966011,1.04,7.191297459881313,8
2023-07-21,182.17999267578125,0.08810391854730183,0.08639299998013102,0.08984871997933627,1.04,1.9989834935253088,8
2023-07-24,181.39999389648438,0.09034460841743863,0.08859017716700356,0.09213378425368371,1.04,3.32798279675001,8
2023-07-25,182.41000366210938,0.09206558100595306,0.0902777296306946,0.09388883881592239,1.04,4.348727078003377,8
2023-07-26,183.3000030517578,0.09015856016618957,0.08840774184708265,0.09194405152096596,1.04,3.2176337477488306,8
2023-07-27,180.4199981689453,0.11151176340769337,0.10934628030980198,0.11372013152219407,1.04,15.882658304601662,8
2023-07-28,181.86000061035156,0.1143973540381393,0.11217583471997204,0.11666286810877094,1.04,17.59416152883869,8
2023-07-31,182.35000610351562,0.1125468958729617,0.1103613112020244,0.1147757636501054,1.04,16.49661668564388,8
2023-08-01,180.4600067138672,0.12094470096133371,0.11859603658990088,0.12333987805349693,1.04,21.477527814760496,8
2023-08-02,179.60000610351562,0.12168516373554003,0.11932212007735608,0.12409500488045035,1.04,21.916711534069204,8
2023-08-03,179.5399932861328,0.12093545263574212,0.11858696786054328,0.12333044657496502,1.04,21.47204244240664,8
2023-08-04,180.19000244140625,0.11843386287464386,0.11613395728230405,0.12077931557359622,1.04,19.98829804129027,8
2023-08-07,179.77999877929688,0.11887400998555835,0.11656555703372798,0.12122817931507712,1.04,20.249358356471685,8
2023-08-08,178.63999938964844,0.12061847233273869,0.11827614310084346,0.12300718882487721,1.04,21.284034897300987,8
2023-08-09,177.7899932861328,0.1082479674666215,0.10614586508058846,0.110391699683812,1.04,13.946833722466481,8
2023-08-10,177.60000610351562,0.10799163026783536,0.10589450577699801,0.11013028600807795,1.04,13.794794851260908,8
2023-08-11,177.60000610351562,0.1077860141635574,0.1056928825985322,0.10992059790247351,1.04,13.672839705678669,8
2023-08-14,177.05999755859375,0.10778796970744035,0.10569480016707429,0.10992259217375727,1.04,13.673999579025045,8
2023-08-15,176.58999633789062,0.09498427425606985,0.09313974383002864,0.0968653335832298,1.04,6.0798641476305235,8
2023-08-16,175.57000732421875,0.09566908485469118,0.09381125586954504,0.09756370610432687,1.04,6.48603941558631,8
2023-08-17,175.3000030517578,0.09501424497982544,0.09316913254257984,0.09689589784428305,1.04,6.097640401059956,8
2023-08-18,175.3300018310547,0.09530303641444485,0.09345231584267269,0.09719040847637961,1.04,6.268928547849775,8
2023-08-21,175.80999755859375,0.09639405345552389,0.09452214607000428,0.09830303191280447,1.04,6.91603322160447,8
2023-08-22,176.10000610351562,0.093037959514107,0.09123122520524751,0.09488047421345742,1.04,4.9254647948246495,8
2023-08-23,177.88999938964844,0.10067907379065999,0.09872395420558137,0.10267291237380465,1.04,9.457567021349755,8
2023-08-24,177.85000610351562,0.08241451463980244,0.0808140804522367,0.08404664367032619,1.04,0.0,8
2023-08-25,177.6199951171875,0.07462653668618932,0.07317733976821676,0.07610443335894544,1.04,0.0,8
2023-08-28,178.1300048828125,0.07477103373884882,0.07331903078574896,0.07625179201717892,1.04,0.08085701818197262,8
2023-08-29,179.8699951171875,0.07608534115951829,0.07460781524437461,0.07759212785414961,1.04,0.8163113202167607,8
2023-08-30,180.32000732421875,0.07435362203705197,0.0729097249371597,0.0758261139346461,1.04,0.0,8
2023-08-31,180.02000427246094,0.07467592087376866,0.07322576494824176,0.07615479554617144,1.04,0.18007554503295156,8
2023-09-01,180.11000061035156,0.07337354812029773,0.07194868339364179,0.07482663072938747,1.04,0.0,8
2023-09-05,178.63999938964844,0.07944331411609461,0.07790057863508607,0.08101660178048951,1.04,3.372844245233137,8
2023-09-06,177.8300018310547,0.07758903930697689,0.07608231258984476,0.07912560509343855,1.04,2.3424618345530055,8
2023-09-07,178.02000427246094,0.07550136861358232,0.07403518305069579,0.07699659037272362,1.04,1.1823861266865634,8
2023-09-08,178.0800018310547,0.07536701477073751,0.07390343826869734,0.07685957579944525,1.04,1.1077284568558194,8
2023-09-11,178.41000366210938,0.07564939960680302,0.07418033938205133,0.07714755295733339,1.04,1.2646439079496798,8
2023-09-12,177.49000549316406,0.07748764753175398,0.07598288977438718,0.07902220536536267,1.04,2.286120508411049,8
2023-09-13,177.0800018310547,0.07730713531192333,0.07580588297989517,0.07883811829909099,1.04,2.185813576929397,8
2023-09-14,177.1699981689453,0.07350882739653938,0.07208133563774581,0.07496458906325565,1.04,0.07517191415401052,8
2023-09-15,178.33999633789062,0.07662991782848394,0.07514181660239447,0.07814748926649026,1.04,1.80949773652113,8
2023-09-18,179.38999938964844,0.07891831961677513,0.07738577917420936,0.08048121034117774,1.04,3.081115589295673,8
2023-09-19,179.22000122070312,0.07903346457424257,0.07749868809440517,0.0805986356181814,1.04,3.145099276217144,8
2023-09-20,179.35000610351562,0.07898842057602624,0.0774545188201984,0.08055269957300634,1.04,3.1200692519507354,8
2023-09-21,178.0500030517578,0.07572100028716687,0.07425054962558245,0.07722057161060575,1.04,1.3044309348115442,8
2023-09-22,178.6199951171875,0.07666233917748341,0.07517360835070318,0.07818055268473131,1.04,1.8275136139818577,8
2023-09-25,177.6999969482422,0.07923389057915849,0.07769522196173166,0.08080303084020093,1.04,3.2564718888918063,8
2023-09-26,176.27999877929688,0.084038618457442,0.0824066452711299,0.08570291108197511,1.04,5.926360445617324,8
2023-09-27,174.10000610351562,0.08519519623289605,0.08354076308767373,0.0868823936111807,1.04,6.5690469506335045,8
2023-09-28,173.22999572753906,0.08442485344962664,0.08278537984074179,0.08609679503437148,1.04,6.140983294603547,8
2023-09-29,171.4499969482422,0.09021820036211246,0.08846622387069905,0.09200487282552702,1.04,9.360227134967056,8
2023-10-02,169.64999389648438,0.09449906454835302,0.09266395656698388,0.09637051482966325,1.04,11.73901540212339,8
2023-10-03,169.16000366210938,0.09213887948027805,0.0903496046981753,0.09396358888610232,1.04,10.427509055741293,8
2023-10-04,169.13999938964844,0.09234993115138378,0.09055655788843385,0.09417882020397123,1.04,10.544786132786557,8
2023-10-05,168.8300018310547,0.0912768328750389,0.08950429845553284,0.09308447039375416,1.04,9.94848747012877,8
2023-10-06,169.6999969482422,0.09546924058769687,0.09361529244318281,0.09735990414091014,1.04,12.278122292476317,8
2023-10-09,172.82000732421875,0.12332612117868046,0.12093121123573078,0.12576845968516,1.04,27.757618447106957,8
2023-10-10,172.52999877929688,0.12248241933937573,0.12010389351606367,0.12490804925670623,1.04,27.28879067098477,8
2023-10-11,173.7899932861328,0.1268370679349244,0.12437397777828332,0.12934893688941468,1.04,29.708579418307085,8
2023-10-12,173.25999450683594,0.12694406162278513,0.12447889372102043,0.12945804946986128,1.04,29.768033612196465,8
2023-10-13,178.8300018310547,0.19661718785426155,0.19097149485928663,0.20242978455084382,1.06,68.4839582491536,8
2023-10-16,177.9600067138672,0.19596019315383365,0.19033336519511737,0.2017533671068244,1.06,68.11887979373682,8
2023-10-17,178.2899932861328,0.19617363686953074,0.19054068005858296,0.20197312086209793,1.06,68.23748608081091,8
2023-10-18,180.8699951171875,0.20584989351341668,0.19993909133732993,0.2119354368175697,1.06,73.61438307475258,8
2023-10-19,183.08999633789062,0.20863779028297913,0.20264693605531742,0.21480575221863646,1.06,75.16356002523703,8
2023-10-20,183.58999633789062,0.20857004040149413,0.20258113155325466,0.21473599944644992,1.06,75.12591280818778,8
2023-10-23,182.97000122070312,0.20763992047075286,0.20167771921422895,0.21377838236708266,1.06,74.60906427433166,8
2023-10-24,182.9499969482422,0.20342968141397014,0.19758837354123152,0.2094436759537054,1.06,72.26952094044387,8
2023-10-25,183.72000122070312,0.1931787179792042,0.1876317576815021,0.1988896631423922,1.06,66.5732711916088,8
2023-10-26,184.00999450683594,0.19017927286026404,0.18471843904255902,0.19580154538511255,1.06,64.90654117016886,8
2023-10-27,186.14999389648438,0.18358233898677856,0.17831093043633683,0.18900958626251702,1.06,61.24076056729607,8
2023-10-30,185.10000610351562,0.17718275649417572,0.17209510643628262,0.18242081282245956,1.06,57.68464407169856,8
2023-10-31,184.08999633789062,0.1795235090502557,0.1743686463012797,0.1848307650793565,1.06,58.98535217045493,8
2023-11-01,183.50999450683594,0.18138480647216804,0.1761764981728252,0.1867470880631947,1.06,60.01963690276777,8
2023-11-02,184.1199951171875,0.17949549356078529,0.1743414352524301,0.1848019213675759,1.06,58.96978453860502,8
2023-11-03,184.7899932861328,0.17948121627582722,0.17432756792739748,0.18478722200304132,1.06,58.96185094471661,8
2023-11-06,183.35000610351562,0.17502152286923586,0.1699959307711274,0.18019568661739502,1.06,56.48369095430811,8
2023-11-07,182.58999633789062,0.1765837988694243,0.17151334736321047,0.1818041482050031,1.06,57.35181562671726,8
2023-11-08,180.77000427246094,0.1835034207034549,0.17823427822346305,0.18892833491687083,1.06,61.19690729882803,8
2023-11-09,181.49000549316406,0.18226703204538283,0.17703339139949878,0.1876553948834687,1.06,60.50987152625663,8
2023-11-10,179.50999450683594,0.12221397226424911,0.11984065950174877,0.12463428588181873,1.04,27.139620147258242,8
2023-11-13,180.50999450683594,0.12206686644919933,0.11969641038222918,0.12448426679751837,1.04,27.05787646849458,8
2023-11-14,182.1199951171875,0.12599268019029564,0.1235459874731101,0.1284878269720345,1.04,29.239370498689972,8
2023-11-15,181.63999938964844,0.11456054397133118,0.11233585561492729,0.1168292898395244,1.04,22.886767303845833,8
2023-11-16,183.69000244140625,0.1130309323150764,0.11083594798349226,0.11526938590283198,1.04,22.036793536189382,8
2023-11-17,183.6699981689453,0.1125577596026712,0.11037196396544348,0.11478684252406123,1.04,21.773861182431038,8
2023-11-20,183.3699951171875,0.11193757368864389,0.10976382164281258,0.1141543745085251,1.04,21.42923661328782,8
2023-11-21,185.35000610351562,0.1191074553966376,0.11679446909266103,0.12146624785636748,1.04,25.41339255514041,8
2023-11-22,184.55999755859375,0.11962956176991217,0.11730643651294914,0.12199869397346712,1.04,25.70351633877854,8
2023-11-24,185.52000427246094,0.12105198747973618,0.1187012396766085,0.12344928926367287,1.04,26.493929078408662,8
2023-11-27,186.77000427246094,0.11543835609056301,0.11319662121593331,0.11772448606457066,1.04,23.374549461641895,8
2023-11-28,189.25999450683594,0.12317026385228963,0.12077838055330707,0.12560951577543938,1.04,27.671011733312927,8
2023-11-29,189.5399932861328,0.12027165337121339,0.11793605912920856,0.12265350149437691,1.04,26.060313448232346,8
2023-11-30,188.75,0.12093951825299443,0.11859095452625563,0.12333459270730589,1.04,26.43143224007183,8
2023-12-01,192.00999450683594,0.15007663555778186,0.1471622487006697,0.1530487386486965,1.04,42.622329630875264,8
2023-12-04,187.86000061035156,0.181139903464101,0.17593862734344093,0.18649494498404737,1.06,59.88354933333409,8
2023-12-05,187.14999389648438,0.17825280209862132,0.17313442660395817,0.18352249220019565,1.06,58.27924642730674,8
2023-12-06,187.83999633789062,0.17702449985466376,0.1719413939997005,0.1822578776396825,1.06,57.59670410890304,8
2023-12-07,188.14999389648438,0.1694442317616386,0.16457878676806728,0.1744535139741513,1.06,53.38450488531045,8
2023-12-08,185.63999938964844,0.18137058459953115,0.17616268466899676,0.18673244574913656,1.06,60.01173410036764,8
2023-12-11,183.58999633789062,0.18154294088307413,0.17633009189049048,0.18690989740391992,1.06,60.107508945638486,8
2023-12-12,183.49000549316406,0.18055579752351156,0.17537129350122752,0.18589357111130114,1.06,59.558973664076355,8
2023-12-13,187.6300048828125,0.20002467344086877,0.19428113743574438,0.20593800568188902,1.06,70.37742797425693,8
2023-12-14,188.72999572753906,0.19994425642566813,0.19420302952578702,0.20585521129733425,1.06,70.33274189128007,8
2023-12-15,187.0,0.20071699158865527,0.19495357626494278,0.20665079084083934,1.06,70.7621349435617,8
2023-12-18,187.85000610351562,0.20124837629932849,0.19546970272189249,0.20719788488520602,1.06,71.05741450864545,8
2023-12-19,189.1300048828125,0.20223925441443627,0.19643212862641588,0.2082180563440008,1.06,71.60802511712411,8
2023-12-20,188.10000610351562,0.19993397038823954,0.19419303884305297,0.20584462117363614,1.06,70.32702615163356,8
2023-12-21,189.42999267578125,0.2003312826484134,0.19457894262430106,0.2062536791817591,1.06,70.54780441083102,8
2023-12-22,190.27000427246094,0.2000746648743284,0.1943296934083027,0.20598947501280085,1.06,70.40520718663053,8
2023-12-26,191.72000122070312,0.20056506901848195,0.19480601602036046,0.20649437698158207,1.06,70.67771469294827,8
2023-12-27,192.58999633789062,0.19398673864040716,0.1884165767262211,0.19972157132979435,1.06,67.02227167021952,8
2023-12-28,191.47000122070312,0.1960390296007527,0.19040993792144834,0.20183453419673522,1.06,68.16268758739635,8
2023-12-29,191.1699981689453,0.19516177478760685,0.1895578727237549,0.2009313450871802,1.06,67.67521511314101,8
2024-01-02,190.72000122070312,0.18084620949591876,0.17565336654428593,0.18619256853694305,1.06,59.72034962989756,8
2024-01-03,189.1300048828125,0.15787765479733773,0.15481177741767127,0.16100424851437814,1.04,46.957195730706616,8
2024-01-04,189.32000732421875,0.1568030528974726,0.15375804356060277,0.1599083653030269,1.04,46.360061535354355,8
2024-01-05,189.35000610351562,0.1561880646194703,0.15315499793941728,0.159281197856994,1.04,46.018325185751706,8
2024-01-08,187.8699951171875,0.15993092024264863,0.15682516983540704,0.16309817662882334,1.04,48.09815314915545,8
2024-01-09,187.92999267578125,0.14830224266465153,0.1454223133185828,0.15123920585132614,1.04,41.63633595953415,8
2024-01-10,187.5,0.12554338160360717,0.12310541396138815,0.1280296305198437,1.04,28.989704506038365,8
2024-01-11,187.8699951171875,0.12541827115109783,0.12298273306933054,0.1279020423921038,1.04,28.920183198288306,8
2024-01-12,189.7100067138672,0.09916883408150973,0.09724304233112756,0.10113276402437267,1.04,14.33391037952108,8
2024-01-16,187.91000366210938,0.10388091783482488,0.10186362060186553,0.10593816542594017,1.04,16.952318499608587,8
2024-01-17,185.83999633789062,0.10659398450892489,0.10452400135434904,0.10870496140852301,1.04,18.45991390361735,8
2024-01-18,187.3699951171875,0.11004080728551921,0.10790388916160874,0.11222004472807312,1.04,20.37524249691485,8
2024-01-19,187.92999267578125,0.10727100059428016,0.10518787024478032,0.10939538505457155,1.04,18.836117831248497,8
2024-01-22,187.22000122070312,0.10621535746141025,0.10415272698826228,0.10831883606779279,1.04,18.24951863315986,8
2024-01-23,187.9499969482422,0.1035250085022911,0.10151462278808486,0.10557520769960826,1.04,16.754546996573282,8
2024-01-24,186.39999389648438,0.1058130803368137,0.10375826181361039,0.10790859228615482,1.04,18.025981500818354,8
2024-01-25,187.13999938964844,0.10208842890027792,0.10010594059125898,0.10411017821490935,1.04,15.956269229881004,8
2024-01-26,187.00999450683594,0.09947838985111027,0.09754658673684648,0.10144845020632035,1.04,14.505924160085094,8
2024-01-29,188.3300018310547,0.10291850234988216,0.10091989457534499,0.1049566903583588,1.04,16.41752398987623,8
2024-01-30,188.58999633789062,0.10321000012295972,0.1012057316586318,0.10525396092497707,1.04,16.579503312819448,8
2024-01-31,188.4499969482422,0.10298945713264221,0.10098947146416735,0.10502905032273406,1.04,16.456952104711256,8
2024-02-01,190.41000366210938,0.10608730365912004,0.10402715990428775,0.10818824630045927,1.04,18.178361766415104,8
2024-02-02,188.61000061035156,0.11251160290867207,0.11032670360325415,0.11473977174738433,1.04,21.748212855981265,8
2024-02-05,187.57000732421875,0.11433875538466698,0.11211837401275558,0.11660310897326581,1.04,22.763523943441697,8
2024-02-06,188.5500030517578,0.11224874655354218,0.11006895174093123,0.11447170981056849,1.04,21.602148980481495,8
2024-02-07,188.5,0.1122599441490154,0.11007993188666647,0.11448312916213314,1.04,21.608371254203156,8
2024-02-08,188.3300018310547,0.11191835576442621,0.10974497691769784,0.11413477599440577,1.04,21.418557607680714,8
2024-02-09,187.60000610351562,0.1127493858284248,0.11055986893937303,0.11498226369694797,1.04,21.880343938638827,8
2024-02-12,187.11000061035156,0.10584416639776939,0.10378874420426688,0.10794029397243758,1.04,18.043255386150005,8
2024-02-13,184.52999877929688,0.11256907124371564,0.110383055942062,0.1147983781797445,1.04,21.780146828933276,8
2024-02-14,184.4199981689453,0.10482565433297687,0.10279001095557329,0.10690161139379624,1.04,17.477289159640648,8
2024-02-15,185.66000366210938,0.10307099909336619,0.10106942993511123,0.10511220713251569,1.04,16.502263296800596,8
2024-02-16,186.33999633789062,0.10344949554465532,0.10144057624106295,0.10549819929070547,1.04,16.712585997619005,8
2024-02-20,187.47000122070312,0.10535700226148825,0.10331104046633995,0.10744348208499356,1.04,17.77254828563285,8
2024-02-21,187.47999572753906,0.10422277862870177,0.10219884269011757,0.10628679639772229,1.04,17.142283518374875,8
2024-02-22,187.55999755859375,0.09889082370645805,0.09697043072971029,0.10084924795889871,1.04,14.179425726528287,8
2024-02-23,188.6199951171875,0.1000481995430574,0.09810533110959123,0.10202954435397489,1.04,14.822555697724729,8
2024-02-26,188.1999969482422,0.10047846388650239,0.09852724001021222,0.10246832961062073,1.04,15.061644752512404,8
2024-02-27,188.0,0.09683389058379331,0.09495344185843667,0.09875157953277415,1.04,13.036430255135596,8
2024-02-28,188.33999633789062,0.09694783746514837,0.0950651759683487,0.09886778300708265,1.04,13.09974819577891,8
2024-02-29,189.30999755859375,0.09891371399759653,0.09699287650686163,0.10087259156713611,1.04,14.192145390975252,8
2024-03-01,192.88999938964844,0.11594726859844465,0.11369565098677946,0.11824347702625065,1.04,23.657341685382374,8
2024-03-04,196.00999450683594,0.12253563835405704,0.12015607905343947,0.12496232221557707,1.04,27.31836338392446,8
2024-03-05,197.19000244140625,0.11962421743319504,0.11730119595963993,0.12199324379802555,1.04,25.700546600677686,8
2024-03-06,198.80999755859375,0.1211972637438565,0.11884369477384146,0.12359744256479514,1.04,26.574656113313548,8
2024-03-07,199.94000244140625,0.1211242500472895,0.1187720989539271,0.12352298291208419,1.04,26.53408390238157,8
2024-03-08,201.6300048828125,0.12181080110909792,0.11944531765801152,0.124223130364332,1.04,26.91558622050763,8
2024-03-11,202.0,0.11843870444984843,0.11613870483738956,0.12078425303088515,1.04,25.041781395182344,8
2024-03-12,199.7899932861328,0.12922502885720552,0.12671556611297724,0.13178418875749634,1.04,31.035520236146642,8
2024-03-13,201.19000244140625,0.10962427498014915,0.10749544563216187,0.11179526345744836,1.04,20.1437840535261,8
2024-03-14,200.35000610351562,0.11292724183328938,0.11073427110079884,0.11516364194483081,1.04,21.979174866042463,8
2024-03-15,199.7100067138672,0.11579883817370348,0.11355010298059368,0.11809210709981743,1.04,23.57486194823066,8
2024-03-18,200.02999877929688,0.11606417541508551,0.11381028755203403,0.11836269905411541,1.04,23.722304401244685,8
2024-03-19,199.8000030517578,0.1169405464376261,0.11466964004147281,0.11925642564313174,1.04,24.209285771220383,8
2024-03-20,202.17999267578125,0.12072764695647817,0.11838319762715821,0.12311852553224456,1.04,26.3136997140272,8
2024-03-21,201.97000122070312,0.12148484432770279,0.11912569073706504,0.12389071836654766,1.04,26.734458734689465,8
2024-03-22,200.35000610351562,0.12920195672544157,0.1266929420264225,0.13176065970747944,1.04,31.022699526600476,8
2024-03-25,200.99000549316406,0.12745662699917498,0.12498150542413658,0.12998076564110206,1.04,30.05285565990958,8
2024-03-26,201.63999938964844,0.12624643311496536,0.12379481268744129,0.12874660519493894,1.04,29.380375784935936,8
2024-03-27,203.10000610351562,0.12682389344684236,0.12436105912985794,0.12933550149505227,1.04,29.70125862598293,8
2024-03-28,205.72000122070312,0.14604041973990728,0.14320441346674387,0.14893259000541365,1.04,40.379487435102945,8
2024-04-01,207.82000732421875,0.12036589787980993,0.11802847347312831,0.12274961241205345,1.04,26.112683185168635,8
2024-04-02,210.88999938964844,0.11827747035316179,0.11598060179791615,0.12061982586983282,1.04,24.95218692061422,8
2024-04-03,212.74000549316406,0.11957154515927024,0.11724954654568458,0.12193952840751197,1.04,25.97371539554147,8
2024-04-04,211.52000427246094,0.1235287135907316,0.12112986944002974,0.12597506421763094,1.04,29.266684879156816,8
2024-04-05,215.13999938964844,0.1492156898506828,0.1463180219774693,0.1521707428565681,1.04,44.25562236240644,8
2024-04-08,216.47999572753906,0.14816505502408336,0.14528778976929801,0.15109930136006997,1.04,43.64255293865429,8
2024-04-09,217.6699981689453,0.14817129330681916,0.14529390690879823,0.1511056631851502,1.04,44.921254775777584,8
2024-04-10,215.61000061035156,0.1454485184315492,0.14262400648185178,0.14832896674112586,1.04,43.28603885363869,8
2024-04-11,219.8000030517578,0.1592810643562964,0.15618793371126607,0.1624354510597167,1.04,51.59344595707079,8
2024-04-12,216.88999938964844,0.17289825920167068,0.1679336347887645,0.17800965287609036,1.06,59.771519740646454,8
2024-04-15,220.9499969482422,0.18033710600786337,0.17515888152386094,0.18566841441529258,1.06,64.23906527675409,8
2024-04-16,221.22000122070312,0.18048314749403585,0.17530072955469791,0.18581877332797977,1.06,78.46356744391996,8
2024-04-17,219.58999633789062,0.18643287091269206,0.18107961179617463,0.1919443885039451,1.06,82.8220612433736,8
2024-04-18,220.33999633789062,0.18372325781973126,0.17844780290652365,0.18915467108091508,1.06,81.5808434920418,8
2024-04-19,221.02999877929688,0.18226190310143572,0.17702840972875414,0.18765011431247935,1.06,80.50047317766264,8
2024-04-22,215.57000732421875,0.21581477440175295,0.20961783926424504,0.22219490962009975,1.06,100.0,8
2024-04-23,215.0399932861328,0.21738730310434023,0.2111452141612191,0.22381392701089223,1.06,100.0,8
2024-04-24,214.63999938964844,0.2185326736960374,0.2122576964240943,0.22499315820953997,1.06,100.0,8
2024-04-25,215.9199981689453,0.21814555044115697,0.21188168907963922,0.22459459042441757,1.06,99.73331111403088,8
2024-04-26,216.6199951171875,0.21373393494468299,0.20759674931775782,0.22005255427682327,1.06,96.69415289440376,8
2024-04-29,216.17999267578125,0.21178089117234292,0.20569978551311902,0.21804177264390615,1.06,95.34870267582895,8
2024-04-30,211.8699951171875,0.22350538821749544,0.21708762373632517,0.23011288116050466,1.06,100.0,8
2024-05-01,213.7899932861328,0.22371730980676233,0.2172934601799084,0.23033106779070286,1.06,100.0,8
2024-05-02,213.1300048828125,0.2226399071179849,0.21624699418023316,0.22922181383104714,1.06,99.28337386487355,8
2024-05-03,212.9600067138672,0.20984947257324982,0.20382382593352602,0.21605325548953755,1.06,90.77591442574565,8
2024-05-06,215.1999969482422,0.21320635371955665,0.2070843171325475,0.2195093761605003,1.06,93.00871817406976,8
2024-05-07,214.2100067138672,0.21231449731142243,0.206218069612074,0.21859115378879843,1.06,92.41550672443599,8
2024-05-08,213.5800018310547,0.2089878930216564,0.20298698589576722,0.21516620504951325,1.06,90.20284139502677,8
2024-05-09,216.9499969482422,0.20298944115698336,0.19716077440357974,0.20899042086779449,1.06,86.21301714333445,8
2024-05-10,218.7100067138672,0.19787622503494107,0.19219437987306282,0.20372604266544656,1.06,82.81200065639456,8
2024-05-13,216.25999450683594,0.18610927684496056,0.18076530945304434,0.19161122802022698,1.06,74.98530531633784,8
2024-05-14,218.08999633789062,0.1902891653467678,0.1848251760610794,0.19591468662474415,1.06,77.76552609498525,8
2024-05-15,220.88999938964844,0.1960464432657033,0.1904171387094031,0.20184216703196728,1.06,81.59493534639275,8
2024-05-16,220.02999877929688,0.19630126135303957,0.19066463991510574,0.20210451831001208,1.06,81.76442564281601,8
2024-05-17,223.66000366210938,0.20815753269414464,0.2021804686489927,0.21431129676793223,1.06,89.6505335917649,8
2024-05-20,224.55999755859375,0.17386227224203196,0.16886996702599547,0.17900216504755517,1.06,66.83930413507886,8
2024-05-21,224.22999572753906,0.17342256046137247,0.16844288118992895,0.17854945406132466,1.06,66.54683321661369,8
2024-05-22,220.11000061035156,0.19402360726907805,0.18845238670401362,0.19975952990625442,1.06,80.2494614977047,8
2024-05-23,215.72000122070312,0.21289797677375938,0.2067847949648177,0.21919188266270673,1.06,92.80360361371947,8
2024-05-24,215.9199981689453,0.21244454014512495,0.20634437837795014,0.21872504108062713,1.06,92.50200371788871,8
2024-05-28,218.19000244140625,0.21695828553122806,0.2107285154577524,0.22337222638521753,1.06,95.50428684255625,8
2024-05-29,216.16000366210938,0.2017224126663558,0.1959301275434293,0.20768593519603504,1.06,85.37026286047309,8
2024-05-30,216.57000732421875,0.19857113824574155,0.1928693392502786,0.2044414996052953,1.06,83.27421684880944,8
2024-05-31,215.3000030517578,0.19992493035889042,0.19418425839035086,0.2058353138937719,1.06,84.17468128974325,8
2024-06-03,217.22000122070312,0.20294491987817978,0.19711753151490374,0.20894458340579794,1.06,86.18340415620139,8
2024-06-04,215.27000427246094,0.20254186838237506,0.19672605329522666,0.20852961649294025,1.06,85.9153175450354,8
2024-06-05,217.82000732421875,0.20736215785387144,0.20140793231136067,0.2134924082500423,1.06,89.12149611701292,8
2024-06-06,219.42999267578125,0.20841920644296916,0.20243462866177597,0.21458070638148252,1.06,89.82458387884647,8
2024-06-07,211.60000610351562,0.25313085377625033,0.2391861743747905,0.26788851529976543,1.12,100.0,8
2024-06-10,213.5399932861328,0.2539055669828535,0.23991820954695814,0.26870839469259317,1.12,100.0,8
2024-06-11,214.14999389648438,0.25030851038609336,0.2365193105445111,0.2649016278098525,1.12,98.00752430542602,8
2024-06-12,214.72000122070312,0.24757502526721498,0.23393640988842254,0.2620087790750333,1.12,96.49339670850402,8
2024-06-13,212.97000122070312,0.2417078350887818,0.22839243627883152,0.25579952863229133,1.12,93.24345234107298,8
2024-06-14,215.72999572753906,0.24939892652170326,0.23565983457960638,0.2639390147291592,1.12,97.50368910205272,8
2024-06-17,214.61000061035156,0.2373736490347865,0.2305576694036432,0.24439112956786174,1.06,90.84266710568765,8
2024-06-18,215.47000122070312,0.2373655377940281,0.23054979107016838,0.24438277853437848,1.06,90.83817414050093,8
2024-06-20,218.16000366210938,0.24525985067040468,0.23174877552240314,0.2595586285850916,1.12,95.21097899036344,8
2024-06-21,214.77999877929688,0.2416319494784281,0.2283207311170157,0.25571921885105764,1.12,93.20141790816085,8
2024-06-24,215.6300048828125,0.22694927516408656,0.22043262243910586,0.23365857978545218,1.06,85.0684150165686,8
2024-06-25,214.55999755859375,0.22786892353955898,0.22132586390454204,0.23460541573881455,1.06,85.5778251374251,8
2024-06-26,212.5800018310547,0.22553729187262173,0.2190611830302214,0.23220485401203467,1.06,84.2862915459726,8
2024-06-27,214.99000549316406,0.22857229596987735,0.22200903960208215,0.23532958197820705,1.06,85.96743604121379,8
2024-06-28,215.00999450683594,0.22837490601286564,0.22181731752746536,0.23512635657911327,1.06,85.85809811974401,8
2024-07-01,215.57000732421875,0.2273149306489579,0.2207877784420548,0.23403504514857806,1.06,85.27095830344655,8
2024-07-02,215.55999755859375,0.22385704560396444,0.21742918358419602,0.23047493459924775,1.06,83.35557228672779,8
2024-07-03,217.99000549316406,0.22553176168447642,0.2190558116366597,0.23219916033485924,1.06,84.28322827321901,8
2024-07-05,220.92999267578125,0.22716155589086143,0.22063880770787322,0.23387713617034558,1.06,85.18600120881989,8
2024-07-08,218.19000244140625,0.23173770521313763,0.22508355684863587,0.23858857025955402,1.06,87.72081434119845,8
2024-07-09,218.55999755859375,0.1660479880909147,0.16282344835930698,0.16933638629367928,1.04,51.334073896981515,8
2024-07-10,219.36000061035156,0.1629287578062257,0.15976479141911107,0.16615538307587555,1.04,49.606274970042264,8
2024-07-11,223.25,0.17699817293262998,0.1719158230325297,0.18223077241448146,1.06,57.39958233737178,8
2024-07-12,223.11000061035156,0.1773463914621364,0.17225404276725012,0.1825892853332851,1.06,57.59246697451281,8
2024-07-15,223.8300018310547,0.17149858252547293,0.1665741486213024,0.17656859753858054,1.06,54.35325823275738,8
2024-07-16,228.2899932861328,0.1816147459928421,0.17639983517845315,0.18698382528916033,1.06,59.95678692041412,8
2024-07-17,227.22999572753906,0.1811636676984652,0.17596170920830861,0.18651941176080714,1.06,59.706926370901115,8
2024-07-18,225.77999877929688,0.18528157149607896,0.17996137094947817,0.19075905320644684,1.06,61.98790889331385,8
2024-07-19,221.72999572753906,0.19869896092412073,0.19299349161067694,0.20457310110731755,1.06,69.42004725446341,8
2024-07-22,221.8000030517578,0.18463591933246062,0.1793342581309553,0.1900943136188126,1.06,61.63027030505328,8
2024-07-23,222.5800018310547,0.1845389771530104,0.17924009956258918,0.18999450553634453,1.06,61.5765722518985,8
2024-07-24,221.8000030517578,0.18364808425342005,0.1783747878843426,0.18907727515740316,1.06,61.083090317112955,8
2024-07-25,218.3300018310547,0.1928868899078309,0.18734830920153822,0.1985892077536305,1.06,66.20063440298762,8
2024-07-26,220.6300048828125,0.1921339577427341,0.18661699683426564,0.19781401664432158,1.06,65.78357145213786,8
2024-07-29,220.32000732421875,0.19241892514376782,0.1868937816421224,0.19810740854064973,1.06,65.94142012786263,8
2024-07-30,222.52000427246094,0.19592902049160368,0.1903030876290014,0.20172127288674144,1.06,67.88572638996021,8
2024-07-31,226.5500030517578,0.20770450890882405,0.20174045305099925,0.21384488023405918,1.06,74.4083856342383,8
2024-08-01,225.77000427246094,0.20531755314238737,0.19942203666098712,0.21138735886064636,1.06,73.08620700826617,8
2024-08-02,225.33999633789062,0.19899324737777466,0.19327932788259428,0.2048760875555499,1.06,69.58305792454182,8
2024-08-05,222.47999572753906,0.19937624615062488,0.19365132917596387,0.20527040892652168,1.06,69.79520797707173,8
2024-08-06,220.6999969482422,0.20297743415900615,0.1971491121761951,0.2089780589067668,1.06,71.78997213639958,8
2024-08-07,220.5500030517578,0.20252511543655075,0.19670978139579468,0.20851236827954234,1.06,71.53942449099837,8
2024-08-08,224.00999450683594,0.19939872893846708,0.19367316638994136,0.20529355637333785,1.06,69.80766160606444,8
2024-08-09,224.55999755859375,0.19959495311974565,0.1938637561630699,0.20549558153285405,1.06,69.91635378295078,8
2024-08-12,228.41000366210938,0.21167743413958073,0.20559929915983569,0.2179352571094258,1.06,76.60906186651452,8
2024-08-13,228.05999755859375,0.19444399982915092,0.1888607080542526,0.20019235053750772,1.06,67.06314617853336,8
2024-08-14,226.1999969482422,0.1966135236117256,0.19096793583231522,0.20242601198225413,1.06,68.2648852363713,8
2024-08-15,226.91000366210938,0.19508376423523152,0.18948210217711806,0.20085102830774515,1.06,67.41752342978855,8
2024-08-16,231.99000549316406,0.19807243941899713,0.1923849601302876,0.20392805773810485,1.06,69.07300548920149,8
2024-08-19,231.61000061035156,0.19861361274895648,0.19291059413476191,0.2044852297828476,1.06,69.37277133316037,8
2024-08-20,232.4600067138672,0.19863445858861187,0.19293084140410816,0.20450669188835463,1.06,69.38431822649636,8
2024-08-21,232.14999389648438,0.19765948604576017,0.1919838643570498,0.20350289621847278,1.06,68.84426303352033,8
2024-08-22,229.3699951171875,0.19171613817124264,0.18621117459145983,0.1973838450669474,1.06,65.55213351989518,8
2024-08-23,232.02000427246094,0.19256677338835138,0.18703738455186075,0.19825962762497237,1.06,66.02331598518205,8
2024-08-26,232.75999450683594,0.19177183574966464,0.18626527286194866,0.19744118923366555,1.06,65.5829854312475,8
2024-08-27,233.38999938964844,0.18904836489251792,0.18362000412186003,0.19463720436917162,1.06,64.07440491777072,8
2024-08-28,231.75,0.17948984527987966,0.17433594915703984,0.18479610610646222,1.06,58.77976540015948,8
2024-08-29,232.9499969482422,0.1790382084699674,0.17389728070865193,0.18433111755117104,1.06,58.52959547863652,8
2024-08-30,231.2899932861328,0.18234421705472523,0.17710836010785896,0.1877348617143305,1.06,60.36085433542402,8
2024-09-03,230.2899932861328,0.17321598168297456,0.168242234143008,0.1783367681915885,1.06,55.30455715929802,8
2024-09-04,230.42999267578125,0.1677431085013671,0.16448565067676588,0.17106507670383653,1.04,52.23724182650186,8
2024-09-05,232.35000610351562,0.16919585811473642,0.16433754495624908,0.174197797653624,1.06,53.04254995829003,8
2024-09-06,230.6300048828125,0.1638230151018882,0.16064168284233335,0.1670673501560267,1.04,50.064201776848826,8
2024-09-09,231.60000610351562,0.16419379211528337,0.16100525961665904,0.16744547000132542,1.04,50.26973598674942,8
2024-09-10,232.6199951171875,0.14966849262468557,0.14676203162755566,0.15263251289265792,1.04,42.217872342258275,8
2024-09-11,232.25,0.1496868963122776,0.14678007792796988,0.15265128104508868,1.04,42.22807412729843,8
2024-09-12,236.3300018310547,0.15937770222848813,0.15628269494127714,0.16253400273892826,1.04,47.60001484997084,8
2024-09-13,238.67999267578125,0.16270889716154027,0.15954920031958758,0.16593116833237112,1.04,49.44660860809044,8
2024-09-16,238.66000366210938,0.12335770883932491,0.12096218548534901,0.125800672904763,1.04,26.734475064563046,8
2024-09-17,237.33999633789062,0.12574156486400995,0.12329974863678453,0.12823173858225592,1.04,28.072332808862704,8
2024-09-18,235.50999450683594,0.14427661157493635,0.1414748572645475,0.14713385155512942,1.04,38.474494485738774,8
2024-09-19,239.1699981689453,0.15696649606006513,0.1539183127674148,0.16007504527811142,1.04,45.59625857589214,8
2024-09-20,242.2100067138672,0.15141902403222404,0.14847856889797792,0.15441771165389706,1.04,42.482929441548336,8
2024-09-23,242.67999267578125,0.14623800235103696,0.1433981591570702,0.149134085523353,1.04,39.254342202543405,8
2024-09-24,246.07000732421875,0.154406334533827,0.1514078678481383,0.15746418256206388,1.04,43.036424394835834,8
2024-09-25,245.72999572753906,0.15542289903705067,0.15240469135559281,0.15850087900981655,1.04,42.02364332748924,8
2024-09-26,246.97999572753906,0.1495482199034044,0.14664409452125457,0.15250985830210478,1.04,38.42523735953605,8
2024-09-27,245.02000427246094,0.1565226117493136,0.15348304839004948,0.15962237032565146,1.04,42.54039105491028,8
2024-09-30,243.05999755859375,0.1576029253921283,0.15454238307187884,0.16072407839475403,1.04,41.16672313883841,8
2024-10-01,245.61000061035156,0.15796188752089416,0.1548943743986515,0.1610901493745976,1.04,41.00447255627437,8
2024-10-02,245.66000366210938,0.1580988801105892,0.15502870668481933,0.16122985495221212,1.04,41.08870895548549,8
2024-10-03,245.49000549316406,0.15719767468837617,0.15414500206296936,0.16031080214548815,1.04,40.53456000563535,8
2024-10-04,245.0,0.15209878333464735,0.14914512773405536,0.1551109328434176,1.04,37.399264523135614,8
2024-10-07,244.1699981689453,0.15439815000974333,0.15139984226198216,0.15745583595246146,1.04,37.194064494446586,8
2024-10-08,242.3699951171875,0.15991647829218822,0.1568110083378663,0.16308344867138094,1.04,40.16165686557373,8
2024-10-09,241.0500030517578,0.16243030567490105,0.15927601889137716,0.16564705964703227,1.04,41.76209014568092,8
2024-10-10,242.82000732421875,0.1491092527639101,0.14621365182700316,0.1520621979000833,1.04,33.28121490682045,8
2024-10-11,245.47000122070312,0.15021101841023854,0.14729402192893296,0.15318578280609027,1.04,33.982656230671395,8
2024-10-14,245.07000732421875,0.15064730422028036,0.1477218353633381,0.15363070877787166,1.04,34.26041847275339,8
2024-10-15,245.9199981689453,0.14765686667159042,0.14478947009123225,0.15058104889488155,1.04,32.3565503679193,8
2024-10-16,247.14999389648438,0.12764639420682317,0.1251675874808362,0.13017429098006966,1.04,19.616842660255852,8
2024-10-17,248.6300048828125,0.11748304210199788,0.1152016008066019,0.11980966483886599,1.04,13.146324016904757,8
2024-10-18,251.27000427246094,0.11480838193683314,0.11257888073460107,0.11708203596398513,1.04,11.443496221033126,8
2024-10-21,251.22000122070312,0.11507103926863373,0.11283643743849325,0.11734989493603301,1.04,11.610717541784341,8
2024-10-22,253.92999267578125,0.11047942437203537,0.10833398860067435,0.11266734814470133,1.04,8.687456644681042,8
2024-10-23,250.8699951171875,0.12199687420104283,0.11962777733623875,0.12441288842968831,1.04,16.020064338856244,8
2024-10-24,252.8000030517578,0.1237151932702574,0.12131272781018178,0.12616523692258905,1.04,17.114035644573367,8
2024-10-25,253.32000732421875,0.11810965486716624,0.11581604517526724,0.12044868698227794,1.04,13.545258299350671,8
2024-10-28,253.3300018310547,0.11173926287008286,0.10956936188635119,0.11395213636180525,1.04,9.489535368821423,8
2024-10-29,256.0899963378906,0.11221136705538519,0.11003229812737146,0.11443359005246634,1.04,9.790101451851498,8
2024-10-30,257.5,0.11266660477196558,0.11047869543509585,0.1148978432524997,1.04,10.079929463506383,8
2024-10-31,253.50999450683594,0.1464544574962767,0.14361041088964613,0.149354827325232,1.04,31.59103413808111,8
2024-11-01,252.47000122070312,0.14771888575772116,0.14485028480861606,0.1506442962009607,1.04,32.396034944357616,8
2024-11-04,252.8300018310547,0.14608606475136063,0.1432491720829167,0.1489791389662334,1.04,31.356496153027635,8
2024-11-05,253.39999389648438,0.12619583685916852,0.12374519897674459,0.1286950069358144,1.04,18.69334239533901,8
2024-11-06,245.6999969482422,0.19702895848835278,0.19137144185471333,0.20285372836599613,1.06,63.78939233449156,8
2024-11-07,249.64999389648438,0.20559657720432387,0.19969304878760355,0.21167463171485976,1.06,69.24398409309988,8
2024-11-08,247.9600067138672,0.20380998394690467,0.19795775601488946,0.20983522137578284,1.06,68.10654588757636,8
2024-11-11,242.13999938964844,0.22851938104308628,0.2219576440817823,0.23527510272668922,1.06,83.83783345173546,8
2024-11-12,240.0500030517578,0.2302350872883817,0.22362408530179584,0.23704153041990356,1.06,84.93014129782765,8
2024-11-13,237.6300048828125,0.23146815476633992,0.22482174631046917,0.2383110510890973,1.06,85.71517619796167,8
2024-11-14,237.00999450683594,0.22871991082021806,0.22215241581929207,0.23548156076844956,1.06,83.96550113933456,8
2024-11-15,236.58999633789062,0.2212898663889905,0.21493571870655442,0.22783186182894768,1.06,79.23514834654294,8
2024-11-18,241.08999633789062,0.23998266664818502,0.23309177132617825,0.24707727760574894,1.06,91.1359573833696,8
2024-11-19,243.25,0.23825818766676868,0.2314168092715963,0.24530181782789207,1.06,90.03806435710875,8
2024-11-20,244.6199951171875,0.23604542686997992,0.229267585992897,0.2430236411524708,1.06,88.62930572696146,8
2024-11-21,246.66000366210938,0.23652371831674032,0.2297321437132218,0.24351607233601505,1.06,88.93381094249456,8
2024-11-22,249.83999633789062,0.2437034909748793,0.23027815384207304,0.25791153230312186,1.12,93.50482770550272,8
2024-11-25,242.47999572753906,0.27353357410773976,0.25846493296990564,0.28948072492629434,1.12,100.0,8
2024-11-26,242.9499969482422,0.26801123243071345,0.2532468105655703,0.2836364278334388,1.12,96.87473029555375,8
2024-11-27,243.49000549316406,0.2664753777702122,0.25179556432213246,0.2820110320407884,1.12,96.00554104185984,8
2024-11-29,245.58999633789062,0.26417143297505763,0.2496185411212751,0.27957276605582815,1.12,94.70166502510267,8
2024-12-02,243.44000244140625,0.2657737494706307,0.2511325878958833,0.2812684984433893,1.12,95.60846715605042,8
2024-12-03,243.92999267578125,0.2659220817941878,0.251272748767142,0.2814254786191991,1.12,95.69241316013989,8
2024-12-04,244.6699981689453,0.2661682859622458,0.2515053898387238,0.2816860366193707,1.12,95.83174796999802,8
2024-12-05,242.86000061035156,0.23400198011854326,0.2272828150527467,0.24091978395591146,1.06,77.62780713535396,8
2024-12-06,242.9499969482422,0.22208984884182018,0.21571273035312177,0.22865549417430905,1.06,70.88635121468802,8
2024-12-09,245.36000061035156,0.22561968311802197,0.21914120848206065,0.23228968099098427,1.06,72.88399728049063,8
2024-12-10,248.58999633789062,0.20698523173255226,0.2010418292985702,0.21310433905648438,1.06,62.338165497524045,8
2024-12-11,250.9600067138672,0.2046965704559415,0.19881888495687364,0.21074801805428603,1.06,61.04293891252532,8
2024-12-12,247.27999877929688,0.21090516521111982,0.2048492052676838,0.2171401575837448,1.06,64.5565811734278,8
2024-12-13,244.2899932861328,0.21866932084360308,0.2123904198666563,0.22513384505865566,1.06,68.95056506612167,8
2024-12-16,244.8800048828125,0.2181942448704755,0.21192898529041188,0.22464472440783656,1.06,68.68170438473669,8
2024-12-17,243.94000244140625,0.20521146712465357,0.1993189968117685,0.21127813662047462,1.06,61.33433539861031,8
2024-12-18,239.25999450683594,0.21824288581439769,0.2119762295515752,0.2246948033246697,1.06,68.70923184995459,8
2024-12-19,239.60000610351562,0.2166026065539951,0.21038304949562833,0.22300603246536602,1.06,67.78094537671919,8
2024-12-20,242.10000610351562,0.21848402971862896,0.21221044921654866,0.22494307616954157,1.06,68.84570289473639,8
2024-12-23,240.9600067138672,0.2100204659080447,0.20398990934216962,0.2162293039026998,1.06,64.05590155395626,8
2024-12-24,241.44000244140625,0.16834766730171044,0.16351370921097563,0.17332453176363416,1.06,40.47193254210076,8
2024-12-26,243.07000732421875,0.17073777852007233,0.16583519044683204,0.17578530187364194,1.06,41.8245728924939,8
2024-12-27,241.39999389648438,0.17289963384036358,0.16793496995589277,0.17801106815324633,1.06,43.04803593282146,8
2024-12-30,240.6300048828125,0.16838700257849884,0.16355191500921212,0.17336502990976482,1.06,40.494193632785205,8
2024-12-31,242.1300048828125,0.16728659477038768,0.1640380021339799,0.1705995222193391,1.04,39.87143767410686,8
2025-01-02,245.4199981689453,0.1771406558464323,0.17205421467233334,0.18237746755267334,1.06,45.448165871647284,8
2025-01-03,243.49000549316406,0.1800198929024023,0.17485077691917217,0.1853418235343225,1.06,47.0776181709095,8
2025-01-06,243.19000244140625,0.17721104150896969,0.17212257927126856,0.18244993402754467,1.06,45.487999368308785,8
2025-01-07,244.55999755859375,0.1787846496211591,0.17365100258352884,0.18407006273854054,1.06,46.378554507291895,8
2025-01-08,245.86000061035156,0.17515015969135,0.17012087389782543,0.18032812633169493,1.06,44.321680461268755,8
2025-01-10,248.2100067138672,0.17070704006874396,0.16580533462362604,0.1757536547010436,1.06,41.80717702017803,8
2025-01-13,245.74000549316406,0.17003518556125122,0.16515277183893734,0.17506193814927357,1.06,41.42695307518059,8
2025-01-14,247.02999877929688,0.16027683528590705,0.15716436744225704,0.16345094213994735,1.04,35.904390679633515,8
2025-01-15,248.8800048828125,0.1536079704953608,0.1506250074998518,0.1566500077998459,1.04,32.13026689087048,8
2025-01-16,250.60000610351562,0.1556019967840107,0.15258031114532158,0.1586835235911345,1.04,33.2587501166934,8
2025-01-17,249.27000427246094,0.15663106148504102,0.15358939210518757,0.1597329677893951,1.04,33.84113073023357,8
2025-01-21,253.1300048828125,0.12499885736722646,0.12257146401774786,0.1274743225784578,1.04,15.939455137516543,8
2025-01-22,254.42999267578125,0.1251642196910958,0.1227336151170215,0.12764295972170236,1.04,16.0330389632323,8
2025-01-23,254.07000732421875,0.1225501923193774,0.1201703503905873,0.1249771644062108,1.04,14.553677303049048,8
2025-01-24,255.64999389648438,0.11983755931885041,0.11751039489002905,0.12221081068563024,1.04,13.018511565098322,8
2025-01-27,252.99000549316406,0.14492236405003014,0.14210806966290407,0.14779239244942025,1.04,27.214804524378145,8
2025-01-28,255.17999267578125,0.14623454511598888,0.1433947690591907,0.14913055982155837,1.04,27.957409740069377,8
2025-01-29,254.1999969482422,0.12875911338511617,0.12625869840454101,0.13130904634072266,1.04,18.067504233529842,8
2025-01-30,258.04998779296875,0.1499088086605064,0.14699768088834023,0.15287758812387386,1.04,30.0367929462196,8
2025-01-31,258.55999755859375,0.14952711097171373,0.14662339551075423,0.15248833133118442,1.04,29.820778021246092,8
2025-02-03,259.94000244140625,0.12848814511239648,0.12599299215258672,0.13103271183869022,1.04,17.91415462513455,8
2025-02-04,262.5,0.1233491520575667,0.1209537948705108,0.12579194666533125,1.04,15.005834161655434,8
2025-02-05,264.1300048828125,0.12197705208772525,0.11960834015496818,0.12439267376116692,1.04,14.229318922647941,8
2025-02-06,263.42999267578125,0.12451166286747706,0.1220937305059907,0.12697747972623033,1.04,15.66373619448664,8
2025-02-07,263.8999938964844,0.12454938408517045,0.12213071920312438,0.12701594797124938,1.04,15.685083837527714,8
2025-02-10,268.3699951171875,0.1475650654232368,0.14469945156109237,0.1504874296235361,1.04,28.71039371871222,8
2025-02-11,267.3900146484375,0.12450064384617295,0.12208292546663486,0.12696624248530028,1.04,15.657500178052228,8
2025-02-12,267.6700134277344,0.12500755872073957,0.12257999639685518,0.1274831962527294,1.04,15.944379511652123,8
2025-02-13,270.30999755859375,0.12633058594352645,0.12387733132493302,0.12883242457793034,1.04,16.69312291424434,8
2025-02-14,266.2900085449219,0.16148768113821893,0.15835169948627456,0.16468576746572558,1.04,36.589647058232394,8
2025-02-18,270.70001220703125,0.16648200832081184,0.16324904020960304,0.1697790018179872,1.04,39.416096479640714,8
2025-02-19,270.8500061035156,0.1591728335414992,0.15608180466576163,0.16232507685239211,1.04,35.279600797506625,8
2025-02-20,270.989990234375,0.1594204188979308,0.1563245820818625,0.16257756536513704,1.04,35.419717266022,8
2025-02-21,270.739990234375,0.1591642538321604,0.15607339156858097,0.16231632723132422,1.04,35.27474526569826,8
2025-02-24,272.2099914550781,0.15891463886757867,0.15582862395794886,0.16206176891626684,1.04,35.13348017704409,8
2025-02-25,268.6199951171875,0.163892758807223,0.16071007217203573,0.16713847505891719,1.04,37.9507574015218,8
2025-02-26,269.0299987792969,0.1620202569372363,0.15887393302313166,0.16522889034405694,1.04,36.89104872935943,8
2025-02-27,264.92999267578125,0.1775036034496878,0.17240674054815186,0.18275114498104097,1.06,45.65356952377454,8
2025-02-28,263.2699890136719,0.17086785515548072,0.16596153204382721,0.17591922396645682,1.06,41.86069560076989,8
2025-03-03,266.739990234375,0.17847318045564162,0.1733484769865015,0.18374938560569157,1.06,45.561522273504366,8
2025-03-04,269.05999755859375,0.18037381515643186,0.1751945366008847,0.18570620879693775,1.06,43.16383545829801,8
2025-03-05,269.6199951171875,0.17673286214852427,0.1716581304187969,0.1819576182439247,1.06,40.94251364965957,8
2025-03-06,268.25,0.17735117794860994,0.17225869181389222,0.18259421332272574,1.06,41.31974410783166,8
2025-03-07,268.3900146484375,0.17669360919043853,0.17162000457555251,0.18191720485008564,1.06,40.91856567459368,8
2025-03-10,266.0400085449219,0.1814031537483748,0.1761943186228176,0.18676597774018663,1.06,43.791828255181166,8
2025-03-11,269.1600036621094,0.17369305009693295,0.16870560394886303,0.1788279401857948,1.06,39.08794403843509,8
2025-03-12,270.3299865722656,0.17368661622288825,0.16869935481796322,0.178821316107041,1.06,39.0840187736216,8
2025-03-13,275.1300048828125,0.18829508698849678,0.18288835594325817,0.19386165729985366,1.06,47.99655201204206,8
2025-03-14,275.239990234375,0.18446688493204172,0.17917007740757637,0.18992028205203093,1.06,45.66099077370433,8
2025-03-17,276.7300109863281,0.1708702083519558,0.1659638176702948,0.17592164673051247,1.06,37.03725668914791,8
2025-03-18,279.9599914550781,0.1641575816549573,0.16096975233900543,0.16740854243256567,1.04,32.92044843380511,8
2025-03-19,281.1099853515625,0.16438685033427564,0.16119456877548616,0.1676423515265056,1.04,33.061057354025756,8
2025-03-20,280.75,0.1648450684525671,0.16164388860753423,0.16810964415183563,1.04,33.342079406536655,8
2025-03-21,278.489990234375,0.16982391871811378,0.1649475713410131,0.17484442562147387,1.06,36.3955743795974,8
2025-03-24,277.25,0.17058649934105066,0.16568825511897928,0.17562955042611803,1.06,36.86325988418159,8
2025-03-25,278.4700012207031,0.15869659416566378,0.15561481353681433,0.16183940607828692,1.04,29.571261983693127,8
2025-03-26,278.239990234375,0.15909015999365725,0.156000736582357,0.1622407660456513,1.04,29.81263322670129,8
2025-03-27,281.9700012207031,0.14684541580198857,0.14399377704922806,0.14975352813119722,1.04,22.30301497318473,8
2025-03-28,284.05999755859375,0.12742112925626572,0.12494669702340912,0.1299445649043455,1.04,10.390232270501109,8
2025-03-31,288.1400146484375,0.12880863920786495,0.12630726246927615,0.13135955296804722,1.04,11.241182677987364,8
2025-04-01,287.57000732421875,0.12913114093810085,0.12662350143382237,0.13168844149117528,1.04,11.438970793627872,8
2025-04-02,288.1600036621094,0.12913561256237355,0.12662788622217314,0.13169300167106007,1.04,11.441713210352589,8
2025-04-03,286.4200134277344,0.14461667180587778,0.14180831375557967,0.14748064630580288,1.04,20.936141453115862,8
2025-04-04,279.7200012207031,0.18460456955639543,0.1793038085366751,0.1900620370488756,1.06,45.46044691564736,8
2025-04-07,273.7099914550781,0.20608963725905932,0.2001719510480612,0.21218226811094487,1.06,58.63709267258712,8
2025-04-08,275.20001220703125,0.20184326507691844,0.1960475097812406,0.207810360368115,1.06,56.03282152154689,8
2025-04-09,285.3800048828125,0.25149102748354346,0.23763668417341643,0.26615308627422646,1.12,86.48145621566503,8
2025-04-10,292.3500061035156,0.260260664133904,0.24592321191100622,0.27543399734032703,1.12,91.85981467178237,8
2025-04-11,297.92999267578125,0.26849003674640054,0.2536992381177033,0.2841431466918278,1.12,96.90683287146366,8
2025-04-14,296.2300109863281,0.27151434721087725,0.2565569428950089,0.28734377604241,1.12,98.76162189055876,8
2025-04-15,297.7799987792969,0.26918365784184006,0.254354648447218,0.28487720626088425,1.12,97.33222596729337,8
2025-04-16,307.4700012207031,0.2961221121411796,0.2798090951545506,0.3133861865730967,1.12,100.0,8
2025-04-17,306.1199951171875,0.29757586398476743,0.28118276152817023,0.31492469291155073,1.12,100.0,8
2025-04-21,315.5899963378906,0.41578457562202803,0.3928794950258625,0.44002503442896607,1.12,100.0,8
2025-04-22,311.1099853515625,0.42796414994014254,0.40438811099741967,0.4529146843171101,1.12,100.0,8
2025-04-23,303.6499938964844,0.4607805775479058,0.4353967204144539,0.48764432686418846,1.12,100.0,8
2025-04-24,308.07000732421875,0.46314124335783424,0.43762733993645514,0.49014262072882986,1.12,100.0,8
2025-04-25,304.7300109863281,0.46892642304355336,0.4430938209143964,0.4962650794241241,1.12,100.0,8
2025-04-28,309.07000732421875,0.47219931177278673,0.4461864100738028,0.4997287792826592,1.12,100.0,8
2025-04-29,306.05999755859375,0.4745808082164857,0.44843671269459284,0.502249118217944,1.12,100.0,8
2025-04-30,303.7699890136719,0.47758764373137297,0.4512779051966173,0.5054312538202115,1.12,100.0,8
2025-05-01,297.4599914550781,0.4962805120538676,0.46894100550797374,0.5252139261689307,1.12,100.0,8
2025-05-02,297.9800109863281,0.49417353778867884,0.46695010196350856,0.5229841141991297,1.12,99.45387031492086,8
2025-05-05,306.8800048828125,0.49261768624250907,0.46547996043918693,0.5213375556918894,1.12,99.05059215012396,8
2025-05-06,315.4800109863281,0.4826228906252137,0.45603576629337195,0.5107600582485767,1.12,96.45993184966932,8
2025-05-07,310.75,0.4988583155615495,0.4713768008687296,0.5279420169729772,1.12,100.0,8
2025-05-08,304.6300048828125,0.48509663306943224,0.458373233191596,0.5133780211745876,1.12,96.45663479547808,8
2025-05-09,306.8399963378906,0.4696637026105892,0.4437904846219344,0.4970453427765666,1.12,92.48295579053124,8
2025-05-12,298.19000244140625,0.49008393555844143,0.46308579108408593,0.5186560860141763,1.12,97.74076804837816,8
2025-05-13,299.4599914550781,0.4893724159657916,0.4624134682644069,0.5179030844561358,1.12,97.55756561158489,8
2025-05-14,293.1600036621094,0.5036815803295513,0.47593435768428405,0.5330464806063983,1.12,100.0,8
2025-05-15,297.8399963378906,0.47548965145131805,0.44929548883034637,0.5032109474899881,1.12,92.8301693032224,8
2025-05-16,294.239990234375,0.47907557855812233,0.4526838714532783,0.5070059360276719,1.12,93.7421498334593,8
2025-05-19,298.0299987792969,0.4479441972558883,0.42326748113340784,0.47405957886941685,1.12,85.82475140861504,8
2025-05-20,303.5799865722656,0.45805846231699116,0.4328245632926463,0.4847635108877639,1.12,88.39703258964595,8
2025-05-21,305.82000732421875,0.438844532002711,0.414669105678464,0.4644293983598798,1.12,83.51050538648477,8
2025-05-22,303.1099853515625,0.43338490427045306,0.4095102423818404,0.45865147146766133,1.12,82.12200136901244,8
2025-05-23,309.75,0.446906906363348,0.4222873333695172,0.47296181337385934,1.12,85.56094540531014,8
2025-05-27,304.5,0.45048191863279685,0.42566540244057655,0.4767452507334458,1.12,86.47015005113488,8
2025-05-28,303.80999755859375,0.4473711765046403,0.42272602741773585,0.47345315070786426,1.12,85.67901956493972,8
2025-05-29,305.6099853515625,0.446588337463929,0.4219863140540521,0.47262467174053846,1.12,85.47992629221721,8
2025-05-30,303.6000061035156,0.43047875912136774,0.4067641933324345,0.4555758965323268,1.12,81.38290441721463,8
2025-06-02,311.6700134277344,0.45371711148945376,0.42872237234845045,0.4801690570302646,1.12,87.29293110857307,8
2025-06-03,308.9100036621094,0.42718651003776975,0.4036533103576915,0.4520917076006145,1.12,80.54561270003651,8
2025-06-04,310.8999938964844,0.2978003107013598,0.28139484374055895,0.3151622249894261,1.12,47.63984212476286,8
2025-06-05,309.3299865722656,0.29154790997151325,0.27548688037331154,0.308545306018109,1.12,46.04971840974383,8
2025-06-06,305.17999267578125,0.2845084673272295,0.26883523229999806,0.3010954601759979,1.12,44.25943253830921,8
2025-06-09,306.6199951171875,0.28350128161996885,0.2678835312623301,0.30002955501380973,1.12,44.00328294909651,8
2025-06-10,306.7099914550781,0.2529820234554455,0.23904554294036354,0.2677310080932072,1.12,36.24156096916392,8
2025-06-11,308.3699951171875,0.25327529573760876,0.23932265919930365,0.26804137830322017,1.12,36.31614659330656,8
2025-06-12,312.20001220703125,0.235507465765951,0.2287450719780556,0.2424697762967389,1.06,31.797394673345703,8
2025-06-13,316.2900085449219,0.23289489537834035,0.22620751929615612,0.2397799704539255,1.06,31.132960272865727,8
2025-06-16,311.7799987792969,0.23580289505001378,0.22903201826499212,0.24277393936089162,1.06,31.87252887075196,8
2025-06-17,311.94000244140625,0.23171987935964367,0.22506624284915272,0.23857021742010187,1.06,30.834127725563103,8
2025-06-18,310.260009765625,0.2219995236617052,0.21562499878266123,0.22856249870962086,1.06,28.362026402957763,8
2025-06-20,310.1300048828125,0.22027320956037783,0.21394825430205394,0.22678514956017717,1.06,27.922986566789138,8
2025-06-23,311.0799865722656,0.21617015130125122,0.20996301182253607,0.22256079253188824,1.06,26.879488153324203,8
2025-06-24,306.19000244140625,0.20753631667968728,0.20157709031668034,0.21367171573568114,1.06,24.68371315800683,8
2025-06-25,307.1199951171875,0.19422514093699025,0.18864813350644577,0.1999670215168325,1.06,21.298386922884347,8
2025-06-26,306.7799987792969,0.19398005618698944,0.1884100861536906,0.19971469132291203,1.06,21.236056453356785,8
2025-06-27,301.2200012207031,0.20794542489078696,0.20197445133829572,0.21409291841859346,1.06,24.787758419433093,8
2025-06-30,304.8299865722656,0.21284887226277296,0.2067371004475186,0.2191413264743697,1.06,26.034813476912433,8
2025-07-01,307.54998779296875,0.18306857770785137,0.17781192136948826,0.18848063665165754,1.06,18.461026277704082,8
2025-07-02,309.25,0.18097313428592116,0.1757766467983979,0.18632324560630176,1.06,17.928108695696565,8
2025-07-03,307.1400146484375,0.18088322164983633,0.17568931592612144,0.18623067488168873,1.06,17.905241924819922,8
2025-07-07,307.3699951171875,0.17984081280117967,0.17467683894862512,0.18515744928554262,1.06,17.64013431214211,8
2025-07-08,304.1600036621094,0.17604332791037003,0.1709883955616664,0.18124769929536635,1.06,16.674349960944415,8
2025-07-09,305.5199890136719,0.17591623736505277,0.17086495431176046,0.1811168515704661,1.06,16.642028025931683,8
2025-07-10,306.20001220703125,0.17620719774354132,0.1711475600138925,0.18141641361472605,1.06,16.716025681865183,8
2025-07-11,309.1400146484375,0.17953609516135868,0.17438087101305613,0.18484372327383947,1.06,17.562637880547285,8
2025-07-14,308.010009765625,0.1714960083789353,0.16657164838916277,0.17656594729251254,1.06,15.517866085528931,8
2025-07-15,306.7300109863281,0.16056611784987226,0.15744803233429566,0.1637459536276675,1.04,12.738153318581647,8
2025-07-16,308.260009765625,0.15195858488133263,0.1490076518399732,0.15496795791357212,1.04,10.54906741502682,8
2025-07-17,307.5899963378906,0.15202497483421,0.14907275254482477,0.15503566264661778,1.04,10.56595184759452,8
2025-07-18,308.3900146484375,0.15111889441453016,0.1481842675946648,0.1541116382984514,1.04,10.335515567947635,8
2025-07-21,313.1300048828125,0.16499552517768296,0.16179142356471057,0.16826308050729902,1.04,13.864649514164377,8
2025-07-22,316.1000061035156,0.16908778726550153,0.1642325772682543,0.17408653190434953,1.06,14.905402222616138,8
2025-07-23,312.17999267578125,0.1632679494611703,0.16009739620130536,0.1665012920493576,1.04,13.42528882136611,8
2025-07-24,310.2699890136719,0.16570790067974123,0.16248996521586453,0.16898956382449914,1.04,14.045822351409765,8
2025-07-25,307.3999938964844,0.17082334796143592,0.1659183028354783,0.17587340100560697,1.06,15.346793672189449,8
2025-07-28,305.4100036621094,0.153032145833666,0.15006036496400763,0.15606277956256795,1.04,10.822097696287377,8
2025-07-29,306.25,0.1449616352979094,0.14214657828968472,0.14783244142127214,1.04,8.769588468278823,8
2025-07-30,300.9599914550781,0.1577273339168133,0.15466437566707616,0.1608509506937592,1.04,12.016187813040089,8
2025-07-31,302.9599914550781,0.1586827469595096,0.1556012352340472,0.16182528464340912,1.04,12.25917046921849,8
2025-08-01,309.1099853515625,0.1798961550494055,0.17473059209191794,0.185214427617433,1.06,17.65420906920723,8
2025-08-04,310.9100036621094,0.18141011785505343,0.1762010827611785,0.1867731477268492,1.06,18.03924327685575,8
2025-08-05,311.1600036621094,0.1744930202021822,0.16948260360240006,0.17965155981854405,1.06,16.280072441175335,8
2025-08-06,310.5,0.17435175505764292,0.1693453947646652,0.1795061184505451,1.06,16.2441455922507,8
2025-08-07,313.1199951171875,0.17727181257121896,0.17218160534487173,0.18251250166556401,1.06,16.986780765871554,8
2025-08-08,313.04998779296875,0.17322918497791728,0.16825505831672244,0.17835036181572575,1.06,15.95865120654674,8
2025-08-11,308.54998779296875,0.18413063403205676,0.17884348166221609,0.18957409056194902,1.06,18.7311306777217,8
2025-08-12,308.2699890136719,0.18321462555208745,0.1779537755758225,0.18863100211037184,1.06,18.49816947288327,8
2025-08-13,309.2099914550781,0.1824464564883305,0.17720766382429518,0.18784012365375286,1.06,18.302807099580324,8
2025-08-14,307.25,0.18432696858478645,0.17903417863757465,0.18977622935582913,1.06,18.781062894459318,8
2025-08-15,307.42999267578125,0.1839728278922094,0.17869020678958916,0.18941161919696448,1.06,18.690997088051247,8
2025-08-18,306.95001220703125,0.17052539004630662,0.16562890052493576,0.1755666345564319,1.06,15.271016388007547,8
2025-08-19,305.2699890136719,0.1648362674156499,0.16163525848080718,0.1681006688200395,1.04,13.824146744883972,8
2025-08-20,308.3599853515625,0.16477260215440592,0.1615728295559185,0.16803574273815527,1.04,13.807955261627999,8
2025-08-21,307.2900085449219,0.16345410079444236,0.16027993260146606,0.1666911299055247,1.04,13.472631220295423,8
2025-08-22,310.5799865722656,0.1649899957410444,0.16178600150599534,0.16825744156623518,1.04,13.863243256198905,8
2025-08-25,309.8299865722656,0.16257837680961174,0.1594212145847021,0.1657980631680902,1.04,13.249915253060177,8
2025-08-26,312.0799865722656,0.1647579142268121,0.16155842685795407,0.16802076393227225,1.04,13.804219796964015,8
2025-08-27,312.7099914550781,0.128429329351475,0.12593531855400106,0.13097273129616113,1.04,4.565057619210779,8
2025-08-28,315.0299987792969,0.12889795931996345,0.1263948480451505,0.13145064196695652,1.04,4.684240579270409,8
2025-08-29,318.07000732421875,0.11109740300697815,0.1089399665080891,0.11329756516841268,1.04,0.15716562729364952,8
2025-09-02,325.5899963378906,0.15417442435708986,0.15118046121033382,0.1572276796587472,1.04,11.112604374879261,8
2025-09-03,328.1400146484375,0.15574491597194337,0.1527204549391938,0.15882927313676157,1.04,11.512015108279003,8
2025-09-04,326.69000244140625,0.15739702746945483,0.15434048354774033,0.16051410288964996,1.04,11.932183582047484,8
2025-09-05,331.04998779296875,0.16213726536353862,0.15898866922485672,0.165348215993851,1.04,13.137730861548146,8
2025-09-08,334.82000732421875,0.16547252130379603,0.16225915674835648,0.16874952301829077,1.04,13.985960173041997,8
2025-09-09,334.05999755859375,0.1475337508749945,0.144668745120218,0.15045549492502674,1.04,9.423734316187913,8
2025-09-10,335.260009765625,0.14592804460987352,0.1430942205858045,0.1488179894092367,1.04,9.015367718804738,8
2025-09-11,334.760009765625,0.14787876803457656,0.1450070622796859,0.15080734477087337,1.04,9.511479806479507,8
2025-09-12,335.4200134277344,0.1267717514042439,0.12430992965049484,0.12928232683651464,1.04,4.143498906442635,8
2025-09-15,338.9100036621094,0.1277666486874804,0.12528550670073393,0.1302969269687633,1.04,4.396523277790177,8
2025-09-16,339.5899963378906,0.1257017229201971,0.1232606803965997,0.1281911076124637,1.04,3.8713670099526225,8
2025-09-17,336.9700012207031,0.12888678395889214,0.1263838897020401,0.13143924529012171,1.04,4.681398437918437,8
2025-09-18,335.6199951171875,0.1461073071855299,0.14327000200336773,0.14900080208350244,1.04,9.06095815439628,8
2025-09-19,339.17999267578125,0.14417184045155876,0.14137212072559302,0.14702700555461676,1.04,8.56872618042403,8
2025-09-22,345.04998779296875,0.1515733549935472,0.14862990285631222,0.15457509897056473,1.04,10.451094939050103,8
2025-09-23,346.4599914550781,0.14776478478447416,0.14489529250728306,0.1506911042075744,1.04,9.482491346376886,8
2025-09-24,343.32000732421875,0.160155854341607,0.1570457358661496,0.1633275653007956,1.04,12.633814239548318,8
2025-09-25,344.75,0.15971197588587654,0.15661047723010477,0.16287489631930896,1.04,12.520926136315635,8
2025-09-26,346.739990234375,0.1593717154248559,0.15627682439732624,0.1625278973732193,1.04,12.4343903796151,8
2025-09-29,352.4599914550781,0.16573873185344187,0.16252019766900425,0.16902100557576444,1.04,14.05366340040543,8
2025-09-30,355.4700012207031,0.14534523595559512,0.14252272968179366,0.14822363886906545,1.04,8.86714659502703,8
2025-10-01,356.0299987792969,0.14497375023521927,0.142158457963098,0.14784479628162195,1.04,8.772669564637608,8
2025-10-02,354.7900085449219,0.1295750601312455,0.12705880001618833,0.13214115201683588,1.04,4.856442282903798,8
2025-10-03,357.6400146484375,0.12534167648708872,0.12290762582194216,0.12782393085481986,1.04,3.7797992431809453,8
2025-10-06,364.3800048828125,0.14989569833636,0.1469848251578302,0.15286421816414344,1.04,10.024429766499908,8
2025-10-07,366.260009765625,0.14705301027587592,0.14419734017870223,0.14996523378585033,1.04,9.301471355053351,8
2025-10-08,372.29998779296875,0.15520434315296755,0.15219037967910234,0.15827799486626645,1.04,11.374535491042563,8
2025-10-09,365.42999267578125,0.18390206674286272,0.17862147748562457,0.18933876613476203,1.06,18.67300096359604,8
2025-10-10,369.1199951171875,0.1850922393207843,0.1797774752843251,0.1905641238013846,1.06,18.97568815894554,8
2025-10-13,378.0899963378906,0.2013643118782716,0.19558230931066414,0.20731724786930397,1.06,23.11403590474108,8
2025-10-14,380.7900085449219,0.2008606660444133,0.19509312523260244,0.20679871274655856,1.06,22.985947636091623,8
2025-10-15,387.3900146484375,0.19696081324763157,0.19130525334581389,0.2027835685465627,1.06,21.99412886356101,8
2025-10-16,396.45001220703125,0.2019019062162789,0.19610446709085394,0.20787073511630516,1.06,23.25075802842785,8
2025-10-17,388.989990234375,0.2325864958479446,0.22590797519232514,0.23946245370386463,1.06,31.054527455109493,8
2025-10-20,403.1499938964844,0.26017906235487914,0.2458461054774919,0.27534763813479096,1.12,38.07192705195092,8
2025-10-21,377.239990234375,0.5462748305579165,0.5161811961250694,0.5781229396600779,1.12,100.0,8
2025-10-22,377.2799987792969,0.5411066369633425,0.5112977122041124,0.572653437668606,1.12,98.8140780005447,8
2025-10-23,378.7900085449219,0.5411131161117234,0.5113038344238707,0.5726602945547353,1.12,98.81556474140724,8
2025-10-24,377.5199890136719,0.5429866333964666,0.5130741418568748,0.5746430388796999,1.12,99.24440079993234,8
2025-10-27,367.010009765625,0.5677266776950579,0.5364512863707298,0.6008254407352176,1.12,100.0,8
2025-10-28,364.3800048828125,0.5686404698506485,0.5373147387970493,0.6017925074526953,1.12,100.0,8
2025-10-29,363.0,0.569349673786297,0.5379848735265329,0.6025430583497169,1.12,100.0,8
2025-10-30,370.1300048828125,0.5780907353382395,0.5462444003340858,0.6117937283741762,1.12,100.0,8
2025-10-31,368.1199951171875,0.5784874556531473,0.5466192657959763,0.6122135776914935,1.12,100.0,8
2025-11-03,368.7799987792969,0.5692913186238379,0.5379297330809673,0.6024813010506835,1.12,98.03244913381346,8
2025-11-04,362.32000732421875,0.5777920377998194,0.5459621576898405,0.6114776166126215,1.12,99.85121252594257,8
2025-11-05,366.510009765625,0.5736115555956215,0.5420119733067552,0.607053410103566,1.12,98.95678137993727,8
2025-11-06,366.07000732421875,0.5636600003634753,0.5326086374844043,0.596521673982533,1.12,96.82760572123324,8
2025-11-07,368.30999755859375,0.5617346115445079,0.5307893160586572,0.5944840339856962,1.12,96.41566096373003,8
2025-11-10,378.3800048828125,0.5662889832031038,0.5350927927682306,0.5993039279004184,1.12,97.39008727700113,8
2025-11-11,379.8699951171875,0.5652251519245856,0.5340875666968409,0.5981780747004619,1.12,97.16247625436698,8
2025-11-12,385.989990234375,0.5640160164513306,0.5329450410669769,0.5968984459950143,1.12,96.90377680913717,8
2025-11-13,382.8699951171875,0.5478723820280343,0.51769074037384,0.5798136292187009,1.12,93.44978065926242,8
2025-11-14,375.9599914550781,0.5470519745427253,0.5169155281667458,0.5789453915467554,1.12,93.2742511458155,8
2025-11-17,371.6499938964844,0.5011054194545717,0.4735001144655373,0.5303201282014018,1.12,83.44379907949035,8
2025-11-18,374.3500061035156,0.25345036927888615,0.23948808814622058,0.2682266587237671,1.12,30.45699527963087,8
2025-11-19,374.9599914550781,0.25358952230485826,0.23961957539654355,0.26837392444412883,1.12,30.486767634687272,8
2025-11-20,374.8500061035156,0.25285667223343,0.23892709716893815,0.2675983488292108,1.12,30.3299713855418,8
2025-11-21,374.2699890136719,0.2525863975286906,0.2386717115780768,0.26731231696744606,1.12,30.272145014781614,8
2025-11-24,380.20001220703125,0.22841882828638854,0.22185997861078074,0.23517157732742758,1.06,25.101395422342648,8
2025-11-25,380.0799865722656,0.22512303400762004,0.21865882022257496,0.23177834943592943,1.06,24.396246851013608,8
2025-11-26,383.1199951171875,0.22480630249660283,0.2183511833837609,0.23145225438678652,1.06,24.32848085787276,8
2025-11-28,387.8800048828125,0.21658087832373207,0.21036194517275983,0.2229836618831254,1.06,22.568617949729592,8
2025-12-01,389.75,0.21392729793393053,0.2077845600555171,0.22025163365884812,1.06,22.00087364820283,8
2025-12-02,387.239990234375,0.2175677074762097,0.21132043837712336,0.22399966467975074,1.06,22.779754054764478,8
2025-12-03,386.8800048828125,0.19889143504771398,0.19318043900579268,0.2047712653461402,1.06,18.783889717738393,8
2025-12-04,387.1300048828125,0.19567246911425648,0.19005390290321575,0.20145713707740867,1.06,18.095178882915732,8
2025-12-05,386.44000244140625,0.19591203998772055,0.190286594705644,0.2017037903879826,1.06,18.14643604427544,8
2025-12-08,385.4200134277344,0.19655902325190291,0.19091500040332607,0.20236990042752562,1.06,18.284860741275175,8
2025-12-09,387.3999938964844,0.16333890443790205,0.16016697328033264,0.16657365221154596,1.04,11.177281402364926,8
2025-12-10,389.04998779296875,0.163447540734292,0.16027349993325124,0.1666844399305813,1.04,11.200524579187984,8
2025-12-11,393.239990234375,0.15569847691337874,0.15267491769576805,0.1587819144035988,1.04,9.542580903014034,8
2025-12-12,395.44000244140625,0.15136916945974288,0.14842968246760807,0.1543668697663124,1.04,8.616307990459498,8
2025-12-15,395.79998779296875,0.11046276196308408,0.10831764976444626,0.11265035575502412,1.04,0.0,8
2025-12-16,395.8900146484375,0.09541384271391344,0.09356097035867642,0.09730340917302348,1.04,0.0,8
2025-12-17,399.2900085449219,0.0964097855868161,0.09453757269393685,0.09831907560169434,1.04,0.2061679309790686,8
2025-12-18,398.57000732421875,0.09817151922122458,0.09626509465155254,0.10011569843761466,1.04,0.5708605134799669,8
2025-12-19,399.0199890136719,0.09757122143688413,0.09567645424456822,0.09950351241435096,1.04,0.44659419707158854,8
2025-12-22,408.2300109863281,0.12134166140997979,0.11898528833485683,0.12374469986825111,1.04,5.3672603929471565,8
2025-12-23,413.6400146484375,0.11798476471592849,0.11569358030637938,0.12032132351863457,1.04,4.672356634154277,8
2025-12-24,411.92999267578125,0.12112843640550797,0.11877620401589764,0.12352725217653357,1.04,5.323121156449749,8
2025-12-26,416.739990234375,0.12373954368843329,0.12133660535969004,0.12619006957407766,1.04,5.863640699017638,8
2025-12-29,398.6000061035156,0.2446740804805968,0.23119527471966503,0.2589387076860249,1.12,30.898031639219113,8
2025-12-30,398.8900146484375,0.24419329879823215,0.23074097873164642,0.258429896179444,1.12,30.79850608669734,8
2025-12-31,396.30999755859375,0.24421008743562894,0.23075684250286196,0.2584476636032055,1.12,30.80198146538645,8
2026-01-02,398.2799987792969,0.24453658164307715,0.23106535053050878,0.2587931925941699,1.12,30.86956830902746,8
2026-01-05,408.760009765625,0.26581363718580125,0.25117027824399324,0.2813107116332725,1.12,35.274084509625766,8
2026-01-06,413.17999267578125,0.26712014560175795,0.2524048126562912,0.2826933901750462,1.12,35.544541926665644,8
2026-01-07,409.2300109863281,0.2717086110912115,0.2567405050078971,0.28754936560884475,1.12,36.494390017422525,8
2026-01-08,411.489990234375,0.27177080838578116,0.2567992759270586,0.2876151890383057,1.12,36.50726534178379,8
2026-01-09,414.4700012207031,0.272321015094827,0.2573191723991352,0.2881974730870315,1.12,36.62116241550267,8
2026-01-12,422.2300109863281,0.2784470395386713,0.26310772140053335,0.2946806479685974,1.12,37.88929718415021,8
2026-01-13,421.6300048828125,0.2790720549558636,0.26369830545748774,0.2953421021123863,1.12,38.018680243057005,8
2026-01-14,425.94000244140625,0.28040115322758097,0.2649541852771055,0.2967486875103582,1.12,38.29381393616653,8
2026-01-15,423.3299865722656,0.2831960170744834,0.267595083379673,0.29970649338523386,1.12,38.87237251855261,8
2026-01-16,421.2900085449219,0.28423713093437586,0.2685788435081652,0.3008083047291451,1.12,39.087891195625005,8
2026-01-20,437.2300109863281,0.4250657999999817,0.4016494277280966,0.44984735905546824,1.12,68.24052244963654,8
2026-01-21,443.6000061035156,0.4280739058742546,0.4044918206069104,0.45303083907973973,1.12,68.86322379239263,8
2026-01-22,451.7900085449219,0.4225198366167846,0.39924371845701945,0.44715296467186183,1.12,67.71348820164557,8
2026-01-23,458.0,0.42284518781147135,0.39955114643912615,0.4474972840118214,1.12,67.78083843274332,8
2026-01-26,464.70001220703125,0.4222899936074348,0.39902653722726006,0.4469097216945313,1.12,67.66590890871933,8
2026-01-27,476.1000061035156,0.433887102738721,0.40998477533035277,0.4591829483699952,1.12,70.06660081584384,8
2026-01-28,494.55999755859375,0.26116066608779187,0.2467736338215275,0.27638646988011084,1.12,34.31088325553559,8
2026-01-29,495.8999938964844,0.2598379733549065,0.24552380666718213,0.27498666346724404,1.12,34.037075558849885,8
2026-01-30,444.95001220703125,0.7585266609510547,0.7167403241745354,0.8027491630754797,1.12,100.0,8
2026-02-02,427.1300048828125,0.8035554031782972,0.7592884862400054,0.8504031045888063,1.12,100.0,8
2026-02-03,454.2900085449219,0.8609311038942284,0.8135034274515857,0.9111238387457762,1.12,100.0,8
2026-02-04,453.9700012207031,0.8609169404013784,0.8134900442088081,0.9111088495138653,1.12,99.99814981404494,8
2026-02-05,441.8800048828125,0.8762583272042523,0.8279862921542556,0.9273446472127663,1.12,100.0,8
2026-02-06,455.4599914550781,0.8890522405336928,0.8400754039274747,0.9408844523987718,1.12,100.0,8
2026-02-09,467.0299987792969,0.8962759796840367,0.8469011958302644,0.9485293393298962,1.12,100.0,8
2026-02-10,462.3999938964844,0.8973162224062743,0.8478841328110449,0.9496302287483704,1.12,100.0,8
2026-02-11,467.6300048828125,0.8973410481378521,0.8479075909224271,0.9496565018331186,1.12,100.0,8
2026-02-12,451.3900146484375,0.9255341968026572,0.8745476123663368,0.9794933258502974,1.12,100.0,8
2026-02-13,462.6199951171875,0.9317615665718274,0.8804319236989318,0.9860837545428037,1.12,100.0,8
2026-02-17,448.20001220703125,0.9530473088598159,0.9005450596151563,1.0086104667689753,1.12,100.0,8
2026-02-18,458.2799987792969,0.9386265082286273,0.8869186838378104,0.9933489258983478,1.12,98.3185356914774,8
2026-02-19,459.55999755859375,0.9358488898079496,0.88429408113133,0.9904093708670897,1.12,97.9946655849201,8
2026-02-20,468.6199951171875,0.9366111970886242,0.8850143938053582,0.9912161210620013,1.12,98.08355055860243,8
2026-02-23,481.2799987792969,0.9450596836176581,0.8929974632020379,1.0001571587862825,1.12,99.0686434756268,8
2026-02-24,474.6099853515625,0.9465763529538699,0.8944305810180142,1.001762250740176,1.12,99.24548701031622,8
2026-02-25,473.4200134277344,0.9364715562121675,0.8848824455796569,0.9910683390492159,1.12,98.06726844252735,8
2026-02-26,477.4800109863281,0.9100978561433968,0.8599616414601661,0.9631570384353861,1.12,94.99209692580811,8
2026-02-27,483.75,0.9137071435890753,0.8633720975285278,0.9669767492319514,1.12,95.41293958040953,8
2026-03-02,490.0,0.6531801750668785,0.6171972516230687,0.6912609218178372,1.12,65.03551393108495,8
2026-03-03,468.1400146484375,0.6649518659776013,0.6283204540018158,0.7037189084820339,1.12,66.40809223818195,8
2026-03-04,471.79998779296875,0.5718598402721699,0.5403567579090288,0.6051995688581123,1.12,55.5535687872985,8
2026-03-05,466.1300048828125,0.5772453663503803,0.5454456017240994,0.6108990739309914,1.12,56.181520737729294,8
2026-03-06,473.510009765625,0.5567077319523888,0.5260393613188669,0.589164084677131,1.12,53.78683405528382,8
2026-03-09,472.5299987792969,0.5336435294970164,0.5042457385028095,0.5647552271231467,1.12,51.097549720447866,8
2026-03-10,477.8599853515625,0.5187355555726051,0.4901590272328709,0.5489781105008156,1.12,49.3592810412409,8
2026-03-11,476.239990234375,0.5152895423423806,0.4869028507965093,0.5453311928920905,1.12,48.95747614832896,8
2026-03-12,466.8800048828125,0.5254317142464718,0.49648630244375647,0.5560646587370073,1.12,50.1400526573438,8
2026-03-13,460.8399963378906,0.4885614361829861,0.4616471643988338,0.517044824126694,1.12,45.84098090712676,8
2026-03-16,460.42999267578125,0.4678732262729504,0.4420986435084565,0.49515048072947143,1.12,43.428737130889125,8
2026-03-17,459.2699890136719,0.4290706560149444,0.4054336609610296,0.45408570027635325,1.12,38.90436025082404,8
2026-03-18,444.739990234375,0.4493127231925579,0.4245606165945398,0.47550789058588466,1.12,41.26458381679317,8
